,label_primary
0,1
1,1
2,1
3,1
4,1
5,1
6,0
7,1
8,1
9,1
10,1
11,1
12,1
13,1
14,1
15,1
16,1
17,1
18,1
19,1
20,1
21,1
22,1
23,1
24,1
25,1
26,1
27,1
28,1
29,1
30,1
31,1
32,1
33,0
34,1
35,1
36,1
37,1
38,1
39,1
40,1
41,1
42,1
43,0
44,1
45,1
46,0
47,1
48,1
49,1
50,1
51,1
52,1
53,1
54,1
55,1
56,1
57,2
58,2
59,2
60,2
61,0
62,2
63,2
64,2
65,2
66,2
67,2
68,2
69,2
70,2
71,2
72,2
73,2
74,2
75,2
76,2
77,2
78,2
79,2
80,0
81,2
82,3
83,4
84,4
85,5
86,4
87,6
88,6
89,5
90,5
91,6
92,4
93,6
94,6
95,4
96,7
97,8
98,7
99,7
100,8
101,7
102,8
103,7
104,8
105,8
106,8
107,0
108,7
109,7
110,8
111,8
112,8
113,7
114,7
115,0
116,8
117,7
118,7
119,8
120,0
121,2
122,2
123,0
124,2
125,2
126,0
127,2
128,2
129,2
130,1
131,1
132,1
133,1
134,1
135,1
136,1
137,1
138,1
139,1
140,1
141,2
142,0
143,2
144,0
145,2
146,2
147,2
148,2
149,2
150,2
151,2
152,2
153,1
154,1
155,1
156,1
157,1
158,1
159,1
160,1
161,1
162,1
163,0
164,0
165,4
166,0
167,0
168,6
169,6
170,4
171,10
172,6
173,4
174,4
175,5
176,4
177,4
178,0
179,6
180,6
181,0
182,6
183,6
184,4
185,4
186,6
187,6
188,0
189,6
190,0
191,0
192,0
193,6
194,6
195,0
196,4
197,0
198,0
199,6
200,4
201,6
202,6
203,6
204,6
205,5
206,4
207,6
208,6
209,4
210,4
211,0
212,4
213,4
214,6
215,0
216,2
217,2
218,2
219,2
220,2
221,2
222,2
223,10
224,0
225,2
226,2
227,2
228,2
229,0
230,2
231,0
232,2
233,2
234,0
235,2
236,2
237,2
238,2
239,2
240,2
241,2
242,2
243,2
244,2
245,2
246,2
247,0
248,2
249,2
250,2
251,2
252,2
253,2
254,2
255,2
256,0
257,2
258,2
259,2
260,2
261,0
262,2
263,2
264,2
265,2
266,2
267,2
268,2
269,2
270,2
271,2
272,2
273,2
274,2
275,0
276,2
277,2
278,2
279,2
280,2
281,2
282,2
283,2
284,8
285,7
286,7
287,7
288,8
289,8
290,8
291,8
292,7
293,8
294,7
295,7
296,8
297,7
298,8
299,8
300,8
301,8
302,8
303,7
304,8
305,8
306,8
307,7
308,8
309,7
310,7
311,7
312,8
313,8
314,7
315,7
316,8
317,7
318,0
319,8
320,8
321,8
322,7
323,8
324,7
325,8
326,7
327,7
328,8
329,8
330,8
331,8
332,8
333,8
334,8
335,8
336,7
337,8
338,7
339,7
340,0
341,7
342,7
343,8
344,8
345,7
346,0
347,7
348,8
349,7
350,7
351,8
352,8
353,8
354,8
355,7
356,7
357,8
358,8
359,11
360,11
361,12
362,12
363,12
364,8
365,7
366,0
367,8
368,8
369,8
370,12
371,12
372,0
373,0
374,12
375,11
376,11
377,12
378,12
379,12
380,12
381,0
382,0
383,0
384,0
385,0
386,0
387,0
388,13
389,0
390,0
391,0
392,0
393,0
394,0
395,13
396,14
397,14
398,14
399,14
400,15
401,14
402,14
403,14
404,14
405,14
406,14
407,16
408,16
409,16
410,16
411,16
412,16
413,16
414,16
415,16
416,16
417,16
418,16
419,16
420,16
421,16
422,16
423,16
424,16
425,16
426,16
427,16
428,16
429,16
430,16
431,16
432,16
433,16
434,16
435,16
436,16
437,16
438,16
439,16
440,16
441,16
442,0
443,16
444,16
445,16
446,16
447,16
448,16
449,16
450,16
451,16
452,16
453,0
454,0
455,0
456,0
457,0
458,17
459,17
460,17
461,17
462,17
463,18
464,18
465,18
466,18
467,18
468,18
469,18
470,18
471,17
472,16
473,16
474,16
475,16
476,16
477,16
478,16
479,16
480,16
481,16
482,16
483,0
484,16
485,16
486,16
487,16
488,16
489,0
490,16
491,16
492,16
493,0
494,16
495,16
496,16
497,16
498,16
499,16
500,0
501,16
502,16
503,16
504,16
505,16
506,16
507,16
508,16
509,16
510,16
511,0
512,16
513,16
514,0
515,0
516,13
517,13
518,0
519,0
520,0
521,16
522,16
523,0
524,0
525,16
526,16
527,16
528,16
529,16
530,16
531,16
532,16
533,16
534,16
535,16
536,19
537,19
538,17
539,17
540,17
541,18
542,18
543,17
544,18
545,18
546,17
547,17
548,17
549,17
550,17
551,17
552,18
553,17
554,17
555,17
556,17
557,17
558,17
559,17
560,18
561,18
562,0
563,18
564,18
565,0
566,17
567,17
568,0
569,17
570,18
571,17
572,0
573,18
574,18
575,18
576,0
577,18
578,0
579,18
580,7
581,20
582,7
583,20
584,20
585,20
586,7
587,20
588,20
589,0
590,7
591,20
592,20
593,7
594,0
595,20
596,20
597,7
598,20
599,20
600,20
601,21
602,21
603,21
604,20
605,20
606,20
607,20
608,20
609,20
610,7
611,20
612,7
613,20
614,20
615,21
616,7
617,7
618,20
619,21
620,21
621,20
622,7
623,0
624,2
625,0
626,2
627,2
628,2
629,2
630,2
631,0
632,4
633,6
634,0
635,5
636,0
637,0
638,0
639,2
640,2
641,2
642,2
643,2
644,2
645,2
646,2
647,2
648,2
649,0
650,2
651,2
652,2
653,2
654,2
655,2
656,0
657,0
658,2
659,2
660,2
661,2
662,2
663,2
664,2
665,2
666,2
667,2
668,2
669,2
670,2
671,2
672,2
673,2
674,0
675,12
676,12
677,11
678,11
679,0
680,11
681,11
682,11
683,11
684,22
685,6
686,22
687,22
688,23
689,23
690,1
691,23
692,22
693,23
694,22
695,22
696,22
697,17
698,22
699,22
700,22
701,22
702,21
703,21
704,24
705,24
706,24
707,21
708,24
709,24
710,24
711,24
712,24
713,21
714,24
715,21
716,24
717,24
718,0
719,0
720,4
721,4
722,4
723,2
724,8
725,7
726,7
727,25
728,0
729,0
730,12
731,12
732,0
733,26
734,12
735,0
736,12
737,12
738,22
739,22
740,22
741,22
742,22
743,22
744,11
745,12
746,11
747,12
748,11
749,12
750,11
751,11
752,12
753,12
754,0
755,12
756,12
757,11
758,11
759,12
760,12
761,12
762,12
763,11
764,11
765,0
766,12
767,11
768,12
769,12
770,0
771,12
772,11
773,12
774,11
775,12
776,11
777,0
778,11
779,11
780,11
781,11
782,12
783,11
784,12
785,11
786,11
787,11
788,11
789,12
790,11
791,0
792,12
793,11
794,11
795,11
796,0
797,12
798,11
799,12
800,11
801,11
802,11
803,11
804,12
805,12
806,0
807,14
808,14
809,14
810,14
811,14
812,14
813,14
814,14
815,0
816,14
817,21
818,24
819,24
820,21
821,21
822,21
823,21
824,24
825,21
826,21
827,24
828,21
829,24
830,21
831,24
832,24
833,24
834,24
835,24
836,21
837,21
838,21
839,14
840,14
841,14
842,14
843,14
844,14
845,14
846,14
847,0
848,14
849,14
850,14
851,14
852,14
853,14
854,14
855,14
856,14
857,14
858,14
859,14
860,15
861,27
862,27
863,15
864,15
865,15
866,27
867,15
868,27
869,14
870,27
871,27
872,15
873,27
874,27
875,14
876,27
877,15
878,14
879,27
880,27
881,27
882,27
883,27
884,27
885,15
886,15
887,27
888,15
889,15
890,27
891,27
892,11
893,0
894,12
895,11
896,12
897,11
898,12
899,12
900,11
901,12
902,11
903,12
904,12
905,12
906,12
907,11
908,11
909,12
910,0
911,12
912,12
913,12
914,11
915,11
916,11
917,11
918,11
919,12
920,12
921,12
922,11
923,11
924,0
925,12
926,11
927,12
928,11
929,12
930,12
931,11
932,12
933,11
934,12
935,12
936,14
937,14
938,14
939,14
940,14
941,14
942,14
943,14
944,14
945,14
946,14
947,14
948,14
949,14
950,14
951,14
952,14
953,14
954,14
955,14
956,14
957,14
958,14
959,14
960,14
961,14
962,14
963,14
964,14
965,14
966,14
967,14
968,14
969,14
970,14
971,14
972,14
973,14
974,0
975,0
976,0
977,0
978,0
979,0
980,13
981,0
982,0
983,13
984,0
985,0
986,0
987,0
988,0
989,13
990,13
991,0
992,0
993,0
994,0
995,0
996,13
997,0
998,0
999,0
1000,0
1001,0
1002,13
1003,0
1004,0
1005,13
1006,0
1007,11
1008,11
1009,11
1010,12
1011,12
1012,11
1013,12
1014,11
1015,11
1016,11
1017,11
1018,11
1019,11
1020,12
1021,11
1022,11
1023,0
1024,11
1025,12
1026,11
1027,12
1028,11
1029,12
1030,11
1031,12
1032,12
1033,11
1034,11
1035,11
1036,12
1037,12
1038,12
1039,0
1040,11
1041,12
1042,12
1043,11
1044,12
1045,11
1046,12
1047,12
1048,0
1049,11
1050,0
1051,11
1052,11
1053,11
1054,12
1055,12
1056,12
1057,11
1058,11
1059,11
1060,12
1061,11
1062,12
1063,11
1064,11
1065,12
1066,11
1067,11
1068,12
1069,14
1070,14
1071,14
1072,14
1073,14
1074,14
1075,14
1076,14
1077,14
1078,14
1079,14
1080,14
1081,14
1082,14
1083,14
1084,14
1085,14
1086,14
1087,0
1088,13
1089,0
1090,0
1091,0
1092,0
1093,0
1094,0
1095,0
1096,0
1097,0
1098,0
1099,0
1100,0
1101,0
1102,13
1103,13
1104,0
1105,13
1106,0
1107,0
1108,0
1109,0
1110,13
1111,0
1112,0
1113,0
1114,7
1115,7
1116,7
1117,7
1118,7
1119,7
1120,7
1121,7
1122,7
1123,7
1124,7
1125,7
1126,7
1127,0
1128,7
1129,7
1130,7
1131,7
1132,7
1133,28
1134,28
1135,28
1136,5
1137,5
1138,5
1139,7
1140,7
1141,0
1142,7
1143,7
1144,7
1145,7
1146,7
1147,7
1148,7
1149,19
1150,19
1151,19
1152,19
1153,19
1154,19
1155,19
1156,19
1157,19
1158,19
1159,19
1160,19
1161,19
1162,19
1163,19
1164,19
1165,19
1166,19
1167,19
1168,19
1169,19
1170,19
1171,19
1172,19
1173,19
1174,19
1175,19
1176,19
1177,19
1178,19
1179,19
1180,19
1181,19
1182,19
1183,19
1184,19
1185,19
1186,19
1187,19
1188,19
1189,19
1190,19
1191,19
1192,29
1193,29
1194,29
1195,29
1196,29
1197,0
1198,29
1199,29
1200,29
1201,29
1202,29
1203,29
1204,29
1205,29
1206,0
1207,29
1208,29
1209,29
1210,29
1211,29
1212,29
1213,29
1214,29
1215,29
1216,28
1217,28
1218,28
1219,28
1220,28
1221,28
1222,28
1223,28
1224,28
1225,28
1226,28
1227,28
1228,28
1229,0
1230,0
1231,0
1232,0
1233,0
1234,0
1235,0
1236,0
1237,0
1238,0
1239,0
1240,0
1241,0
1242,0
1243,0
1244,0
1245,0
1246,0
1247,0
1248,0
1249,0
1250,0
1251,0
1252,0
1253,0
1254,0
1255,0
1256,0
1257,0
1258,0
1259,0
1260,0
1261,0
1262,0
1263,0
1264,0
1265,0
1266,0
1267,0
1268,0
1269,0
1270,0
1271,0
1272,0
1273,0
1274,0
1275,0
1276,0
1277,0
1278,0
1279,0
1280,29
1281,29
1282,29
1283,29
1284,29
1285,0
1286,29
1287,29
1288,28
1289,28
1290,28
1291,28
1292,28
1293,28
1294,28
1295,28
1296,28
1297,28
1298,28
1299,28
1300,28
1301,28
1302,0
1303,28
1304,28
1305,28
1306,28
1307,7
1308,7
1309,7
1310,0
1311,7
1312,0
1313,0
1314,7
1315,28
1316,28
1317,28
1318,28
1319,28
1320,28
1321,28
1322,0
1323,0
1324,0
1325,0
1326,0
1327,0
1328,0
1329,0
1330,0
1331,0
1332,0
1333,0
1334,0
1335,19
1336,19
1337,19
1338,19
1339,19
1340,19
1341,19
1342,19
1343,19
1344,19
1345,19
1346,19
1347,19
1348,19
1349,19
1350,19
1351,19
1352,19
1353,19
1354,19
1355,19
1356,19
1357,19
1358,19
1359,19
1360,19
1361,19
1362,19
1363,19
1364,19
1365,19
1366,19
1367,19
1368,19
1369,19
1370,19
1371,19
1372,19
1373,19
1374,19
1375,19
1376,19
1377,24
1378,24
1379,4
1380,24
1381,24
1382,24
1383,24
1384,24
1385,24
1386,24
1387,0
1388,24
1389,6
1390,24
1391,24
1392,24
1393,24
1394,24
1395,24
1396,4
1397,24
1398,24
1399,24
1400,24
1401,0
1402,24
1403,24
1404,24
1405,24
1406,24
1407,24
1408,24
1409,4
1410,24
1411,24
1412,24
1413,24
1414,19
1415,19
1416,19
1417,19
1418,19
1419,7
1420,19
1421,19
1422,19
1423,29
1424,29
1425,29
1426,5
1427,5
1428,5
1429,5
1430,5
1431,5
1432,5
1433,5
1434,29
1435,29
1436,29
1437,0
1438,0
1439,2
1440,2
1441,2
1442,2
1443,2
1444,2
1445,2
1446,2
1447,2
1448,2
1449,2
1450,2
1451,2
1452,2
1453,2
1454,2
1455,2
1456,2
1457,2
1458,2
1459,1
1460,0
1461,1
1462,1
1463,1
1464,1
1465,1
1466,7
1467,7
1468,0
1469,7
1470,7
1471,7
1472,7
1473,7
1474,7
1475,7
1476,7
1477,7
1478,7
1479,7
1480,7
1481,7
1482,7
1483,7
1484,7
1485,7
1486,7
1487,7
1488,0
1489,7
1490,7
1491,7
1492,7
1493,7
1494,7
1495,0
1496,7
1497,2
1498,2
1499,2
1500,2
1501,2
1502,2
1503,2
1504,0
1505,2
1506,2
1507,2
1508,2
1509,2
1510,2
1511,1
1512,1
1513,1
1514,1
1515,1
1516,1
1517,1
1518,1
1519,1
1520,1
1521,0
1522,1
1523,1
1524,1
1525,1
1526,1
1527,1
1528,1
1529,31
1530,31
1531,31
1532,31
1533,31
1534,31
1535,31
1536,3
1537,10
1538,3
1539,32
1540,0
1541,32
1542,0
1543,3
1544,3
1545,3
1546,33
1547,34
1548,10
1549,34
1550,35
1551,3
1552,10
1553,32
1554,36
1555,10
1556,34
1557,3
1558,10
1559,32
1560,10
1561,3
1562,33
1563,10
1564,36
1565,34
1566,36
1567,37
1568,3
1569,10
1570,38
1571,10
1572,3
1573,31
1574,31
1575,31
1576,31
1577,31
1578,31
1579,31
1580,31
1581,31
1582,31
1583,7
1584,7
1585,7
1586,0
1587,7
1588,7
1589,7
1590,7
1591,7
1592,7
1593,7
1594,7
1595,7
1596,7
1597,7
1598,7
1599,7
1600,7
1601,7
1602,7
1603,0
1604,7
1605,7
1606,7
1607,7
1608,0
1609,7
1610,7
1611,7
1612,7
1613,7
1614,7
1615,7
1616,7
1617,7
1618,7
1619,7
1620,7
1621,7
1622,7
1623,7
1624,7
1625,7
1626,7
1627,7
1628,7
1629,7
1630,7
1631,7
1632,7
1633,0
1634,7
1635,0
1636,7
1637,7
1638,7
1639,0
1640,7
1641,7
1642,7
1643,37
1644,0
1645,10
1646,32
1647,31
1648,31
1649,31
1650,31
1651,31
1652,31
1653,31
1654,3
1655,31
1656,31
1657,31
1658,31
1659,31
1660,10
1661,31
1662,31
1663,31
1664,31
1665,31
1666,31
1667,7
1668,7
1669,7
1670,7
1671,7
1672,0
1673,7
1674,7
1675,7
1676,7
1677,7
1678,7
1679,7
1680,7
1681,7
1682,7
1683,7
1684,7
1685,7
1686,7
1687,7
1688,7
1689,0
1690,7
1691,7
1692,7
1693,7
1694,7
1695,7
1696,7
1697,7
1698,7
1699,7
1700,7
1701,10
1702,3
1703,36
1704,39
1705,38
1706,38
1707,10
1708,3
1709,34
1710,3
1711,32
1712,3
1713,32
1714,10
1715,10
1716,10
1717,35
1718,1
1719,1
1720,1
1721,1
1722,1
1723,0
1724,1
1725,1
1726,1
1727,1
1728,1
1729,1
1730,1
1731,1
1732,1
1733,1
1734,1
1735,1
1736,1
1737,1
1738,1
1739,1
1740,1
1741,0
1742,0
1743,1
1744,1
1745,1
1746,1
1747,1
1748,1
1749,2
1750,2
1751,2
1752,2
1753,2
1754,2
1755,2
1756,2
1757,2
1758,2
1759,2
1760,2
1761,2
1762,2
1763,2
1764,1
1765,0
1766,1
1767,1
1768,1
1769,1
1770,1
1771,1
1772,1
1773,1
1774,1
1775,1
1776,0
1777,1
1778,1
1779,1
1780,1
1781,1
1782,1
1783,1
1784,1
1785,0
1786,1
1787,1
1788,1
1789,1
1790,1
1791,0
1792,1
1793,1
1794,1
1795,1
1796,1
1797,1
1798,1
1799,1
1800,0
1801,1
1802,0
1803,1
1804,1
1805,1
1806,0
1807,1
1808,1
1809,31
1810,31
1811,31
1812,31
1813,31
1814,31
1815,31
1816,31
1817,31
1818,31
1819,31
1820,31
1821,31
1822,31
1823,31
1824,31
1825,31
1826,31
1827,31
1828,31
1829,31
1830,31
1831,31
1832,31
1833,31
1834,31
1835,31
1836,31
1837,31
1838,31
1839,31
1840,31
1841,31
1842,31
1843,31
1844,31
1845,31
1846,31
1847,31
1848,31
1849,31
1850,31
1851,31
1852,31
1853,31
1854,10
1855,37
1856,10
1857,34
1858,0
1859,39
1860,10
1861,0
1862,10
1863,35
1864,35
1865,10
1866,35
1867,40
1868,37
1869,34
1870,10
1871,0
1872,3
1873,10
1874,34
1875,37
1876,3
1877,32
1878,10
1879,32
1880,0
1881,10
1882,0
1883,32
1884,10
1885,34
1886,34
1887,3
1888,32
1889,32
1890,3
1891,32
1892,35
1893,10
1894,10
1895,38
1896,40
1897,7
1898,0
1899,0
1900,7
1901,7
1902,7
1903,7
1904,32
1905,36
1906,10
1907,3
1908,10
1909,33
1910,0
1911,37
1912,1
1913,0
1914,1
1915,1
1916,1
1917,1
1918,1
1919,1
1920,1
1921,1
1922,1
1923,1
1924,1
1925,1
1926,1
1927,1
1928,0
1929,1
1930,1
1931,1
1932,1
1933,1
1934,1
1935,1
1936,1
1937,1
1938,1
1939,1
1940,1
1941,1
1942,0
1943,1
1944,1
1945,1
1946,1
1947,1
1948,1
1949,1
1950,1
1951,1
1952,1
1953,0
1954,1
1955,1
1956,1
1957,1
1958,1
1959,1
1960,1
1961,18
1962,18
1963,17
1964,17
1965,17
1966,17
1967,18
1968,17
1969,18
1970,0
1971,18
1972,18
1973,18
1974,0
1975,18
1976,17
1977,17
1978,17
1979,17
1980,18
1981,0
1982,17
1983,18
1984,0
1985,17
1986,18
1987,18
1988,18
1989,18
1990,18
1991,18
1992,17
1993,17
1994,0
1995,17
1996,18
1997,17
1998,17
1999,18
2000,18
2001,18
2002,18
2003,18
2004,18
2005,18
2006,18
2007,18
2008,18
2009,17
2010,0
2011,17
2012,17
2013,17
2014,0
2015,16
2016,16
2017,16
2018,16
2019,16
2020,16
2021,16
2022,16
2023,16
2024,17
2025,0
2026,17
2027,17
2028,17
2029,17
2030,18
2031,18
2032,18
2033,17
2034,0
2035,18
2036,18
2037,17
2038,17
2039,18
2040,17
2041,17
2042,41
2043,41
2044,41
2045,41
2046,0
2047,41
2048,41
2049,41
2050,41
2051,41
2052,41
2053,18
2054,18
2055,17
2056,18
2057,18
2058,17
2059,18
2060,18
2061,17
2062,17
2063,17
2064,18
2065,17
2066,17
2067,17
2068,17
2069,18
2070,18
2071,17
2072,18
2073,17
2074,17
2075,18
2076,18
2077,18
2078,17
2079,18
2080,18
2081,18
2082,18
2083,18
2084,18
2085,18
2086,17
2087,17
2088,17
2089,17
2090,17
2091,0
2092,17
2093,17
2094,0
2095,0
2096,18
2097,18
2098,18
2099,17
2100,18
2101,17
2102,17
2103,0
2104,17
2105,17
2106,17
2107,0
2108,17
2109,17
2110,18
2111,18
2112,18
2113,17
2114,18
2115,17
2116,18
2117,17
2118,18
2119,18
2120,18
2121,17
2122,18
2123,18
2124,18
2125,18
2126,0
2127,18
2128,18
2129,18
2130,18
2131,18
2132,18
2133,18
2134,0
2135,18
2136,18
2137,41
2138,41
2139,41
2140,41
2141,0
2142,41
2143,41
2144,41
2145,0
2146,41
2147,41
2148,41
2149,0
2150,41
2151,41
2152,41
2153,41
2154,41
2155,41
2156,41
2157,41
2158,41
2159,0
2160,41
2161,41
2162,41
2163,41
2164,41
2165,41
2166,41
2167,41
2168,0
2169,0
2170,41
2171,41
2172,41
2173,41
2174,41
2175,41
2176,41
2177,41
2178,41
2179,41
2180,41
2181,41
2182,41
2183,41
2184,0
2185,41
2186,41
2187,0
2188,41
2189,41
2190,41
2191,41
2192,41
2193,41
2194,41
2195,41
2196,0
2197,41
2198,41
2199,0
2200,41
2201,41
2202,41
2203,41
2204,0
2205,41
2206,41
2207,41
2208,41
2209,41
2210,41
2211,41
2212,41
2213,0
2214,41
2215,41
2216,41
2217,0
2218,41
2219,41
2220,41
2221,41
2222,41
2223,41
2224,41
2225,41
2226,41
2227,41
2228,41
2229,41
2230,41
2231,41
2232,41
2233,41
2234,41
2235,41
2236,41
2237,41
2238,41
2239,42
2240,42
2241,42
2242,42
2243,42
2244,42
2245,42
2246,42
2247,42
2248,42
2249,42
2250,42
2251,42
2252,42
2253,42
2254,42
2255,42
2256,42
2257,42
2258,42
2259,42
2260,42
2261,42
2262,42
2263,42
2264,42
2265,42
2266,42
2267,0
2268,42
2269,42
2270,42
2271,42
2272,42
2273,42
2274,1
2275,1
2276,0
2277,1
2278,1
2279,1
2280,1
2281,1
2282,1
2283,1
2284,0
2285,1
2286,1
2287,1
2288,1
2289,0
2290,1
2291,1
2292,1
2293,1
2294,1
2295,1
2296,1
2297,1
2298,1
2299,1
2300,1
2301,1
2302,1
2303,1
2304,0
2305,1
2306,1
2307,1
2308,0
2309,0
2310,1
2311,1
2312,1
2313,0
2314,1
2315,1
2316,1
2317,1
2318,1
2319,1
2320,2
2321,2
2322,2
2323,2
2324,2
2325,2
2326,2
2327,2
2328,2
2329,2
2330,1
2331,1
2332,2
2333,2
2334,2
2335,2
2336,2
2337,2
2338,2
2339,2
2340,2
2341,2
2342,2
2343,2
2344,2
2345,1
2346,0
2347,1
2348,0
2349,1
2350,0
2351,0
2352,1
2353,1
2354,0
2355,1
2356,1
2357,1
2358,1
2359,1
2360,1
2361,1
2362,1
2363,1
2364,1
2365,1
2366,0
2367,2
2368,2
2369,2
2370,0
2371,1
2372,1
2373,1
2374,1
2375,1
2376,1
2377,1
2378,1
2379,1
2380,2
2381,2
2382,2
2383,2
2384,2
2385,2
2386,2
2387,2
2388,2
2389,2
2390,2
2391,2
2392,2
2393,2
2394,2
2395,2
2396,2
2397,2
2398,2
2399,2
2400,2
2401,2
2402,2
2403,2
2404,0
2405,2
2406,2
2407,2
2408,2
2409,2
2410,2
2411,2
2412,2
2413,2
2414,2
2415,2
2416,2
2417,2
2418,2
2419,2
2420,2
2421,0
2422,2
2423,2
2424,2
2425,2
2426,2
2427,2
2428,2
2429,2
2430,2
2431,2
2432,2
2433,2
2434,2
2435,0
2436,2
2437,2
2438,2
2439,2
2440,2
2441,2
2442,1
2443,1
2444,0
2445,1
2446,1
2447,1
2448,1
2449,1
2450,0
2451,1
2452,1
2453,0
2454,1
2455,1
2456,0
2457,1
2458,1
2459,1
2460,1
2461,1
2462,1
2463,1
2464,1
2465,1
2466,1
2467,1
2468,1
2469,1
2470,1
2471,1
2472,1
2473,1
2474,1
2475,0
2476,1
2477,1
2478,0
2479,1
2480,1
2481,1
2482,1
2483,0
2484,1
2485,1
2486,1
2487,1
2488,1
2489,1
2490,1
2491,1
2492,1
2493,1
2494,1
2495,1
2496,1
2497,1
2498,1
2499,1
2500,1
2501,1
2502,1
2503,1
2504,1
2505,1
2506,1
2507,1
2508,1
2509,1
2510,1
2511,0
2512,1
2513,1
2514,1
2515,1
2516,2
2517,2
2518,2
2519,2
2520,2
2521,2
2522,2
2523,1
2524,1
2525,1
2526,1
2527,1
2528,1
2529,1
2530,1
2531,1
2532,1
2533,1
2534,1
2535,0
2536,1
2537,1
2538,1
2539,1
2540,1
2541,1
2542,1
2543,1
2544,1
2545,1
2546,1
2547,1
2548,1
2549,1
2550,0
2551,1
2552,1
2553,1
2554,1
2555,1
2556,1
2557,1
2558,1
2559,1
2560,1
2561,1
2562,1
2563,1
2564,1
2565,1
2566,1
2567,1
2568,1
2569,1
2570,1
2571,1
2572,1
2573,0
2574,1
2575,1
2576,1
2577,1
2578,1
2579,1
2580,1
2581,1
2582,1
2583,1
2584,1
2585,1
2586,1
2587,1
2588,1
2589,1
2590,1
2591,1
2592,0
2593,1
2594,1
2595,0
2596,1
2597,1
2598,1
2599,1
2600,1
2601,0
2602,1
2603,0
2604,1
2605,0
2606,1
2607,1
2608,1
2609,1
2610,1
2611,1
2612,1
2613,1
2614,2
2615,2
2616,2
2617,2
2618,0
2619,0
2620,0
2621,13
2622,0
2623,13
2624,0
2625,0
2626,0
2627,13
2628,0
2629,0
2630,0
2631,28
2632,28
2633,28
2634,28
2635,28
2636,28
2637,0
2638,28
2639,28
2640,28
2641,28
2642,28
2643,5
2644,5
2645,5
2646,5
2647,5
2648,5
2649,5
2650,5
2651,5
2652,5
2653,5
2654,5
2655,28
2656,28
2657,28
2658,28
2659,28
2660,5
2661,28
2662,28
2663,28
2664,28
2665,28
2666,0
2667,28
2668,28
2669,28
2670,0
2671,28
2672,28
2673,28
2674,28
2675,28
2676,28
2677,28
2678,0
2679,28
2680,28
2681,0
2682,14
2683,14
2684,14
2685,14
2686,14
2687,14
2688,14
2689,13
2690,0
2691,13
2692,0
2693,13
2694,0
2695,0
2696,0
2697,0
2698,0
2699,16
2700,18
2701,0
2702,0
2703,7
2704,7
2705,7
2706,7
2707,7
2708,17
2709,17
2710,0
2711,0
2712,18
2713,0
2714,18
2715,18
2716,18
2717,0
2718,18
2719,18
2720,18
2721,17
2722,18
2723,18
2724,18
2725,17
2726,18
2727,18
2728,18
2729,18
2730,17
2731,18
2732,17
2733,0
2734,18
2735,17
2736,18
2737,0
2738,18
2739,18
2740,18
2741,18
2742,18
2743,18
2744,17
2745,17
2746,18
2747,18
2748,18
2749,18
2750,18
2751,18
2752,17
2753,0
2754,17
2755,17
2756,0
2757,17
2758,17
2759,17
2760,17
2761,18
2762,0
2763,18
2764,18
2765,18
2766,0
2767,18
2768,18
2769,0
2770,7
2771,7
2772,0
2773,7
2774,11
2775,11
2776,12
2777,12
2778,11
2779,11
2780,11
2781,12
2782,0
2783,4
2784,6
2785,4
2786,4
2787,0
2788,4
2789,0
2790,6
2791,5
2792,0
2793,12
2794,12
2795,12
2796,0
2797,12
2798,12
2799,12
2800,8
2801,7
2802,8
2803,8
2804,7
2805,8
2806,8
2807,7
2808,12
2809,12
2810,11
2811,11
2812,12
2813,11
2814,12
2815,0
2816,12
2817,11
2818,11
2819,14
2820,14
2821,14
2822,14
2823,14
2824,14
2825,14
2826,14
2827,14
2828,14
2829,14
2830,14
2831,14
2832,14
2833,14
2834,1
2835,1
2836,1
2837,1
2838,0
2839,1
2840,1
2841,1
2842,1
2843,1
2844,7
2845,7
2846,7
2847,7
2848,0
2849,7
2850,7
2851,7
2852,7
2853,0
2854,7
2855,7
2856,7
2857,0
2858,7
2859,7
2860,7
2861,0
2862,7
2863,7
2864,7
2865,7
2866,7
2867,7
2868,1
2869,1
2870,1
2871,1
2872,1
2873,1
2874,36
2875,3
2876,34
2877,35
2878,35
2879,10
2880,37
2881,34
2882,19
2883,19
2884,19
2885,19
2886,19
2887,19
2888,19
2889,19
2890,19
2891,19
2892,19
2893,19
2894,19
2895,19
2896,19
2897,19
2898,19
2899,19
2900,19
2901,19
2902,19
2903,19
2904,19
2905,19
2906,19
2907,19
2908,19
2909,19
2910,19
2911,19
2912,19
2913,19
2914,19
2915,19
2916,19
2917,19
2918,19
2919,19
2920,19
2921,31
2922,31
2923,31
2924,31
2925,31
2926,31
2927,31
2928,31
2929,31
2930,31
2931,31
2932,31
2933,31
2934,31
2935,31
2936,31
2937,31
2938,31
2939,31
2940,31
2941,31
2942,31
2943,31
2944,31
2945,31
2946,31
2947,31
2948,31
2949,31
2950,31
2951,31
2952,31
2953,31
2954,31
2955,31
2956,31
2957,31
2958,31
2959,31
2960,31
2961,31
2962,31
2963,31
2964,31
2965,31
2966,31
2967,31
2968,31
2969,18
2970,17
2971,17
2972,18
2973,0
2974,18
2975,17
2976,17
2977,17
2978,17
2979,18
2980,17
2981,18
2982,18
2983,18
2984,0
2985,18
2986,17
2987,0
2988,18
2989,18
2990,17
2991,17
2992,17
2993,17
2994,16
2995,16
2996,16
2997,16
2998,16
2999,16
3000,16
3001,16
3002,16
3003,16
3004,16
3005,0
3006,16
3007,16
3008,16
3009,16
3010,16
3011,16
3012,0
3013,16
3014,16
3015,16
3016,16
3017,16
3018,16
3019,16
3020,16
3021,16
3022,16
3023,16
3024,16
3025,16
3026,17
3027,18
3028,18
3029,17
3030,18
3031,18
3032,17
3033,17
3034,17
3035,17
3036,17
3037,17
3038,17
3039,18
3040,18
3041,18
3042,18
3043,0
3044,18
3045,16
3046,16
3047,16
3048,16
3049,18
3050,18
3051,18
3052,18
3053,18
3054,18
3055,18
3056,18
3057,0
3058,7
3059,7
3060,7
3061,0
3062,7
3063,7
3064,7
3065,7
3066,7
3067,7
3068,7
3069,7
3070,7
3071,7
3072,0
3073,7
3074,7
3075,8
3076,8
3077,7
3078,0
3079,7
3080,0
3081,8
3082,8
3083,8
3084,8
3085,8
3086,7
3087,8
3088,8
3089,8
3090,8
3091,8
3092,7
3093,0
3094,7
3095,8
3096,8
3097,7
3098,7
3099,8
3100,8
3101,0
3102,8
3103,7
3104,7
3105,8
3106,7
3107,7
3108,8
3109,7
3110,8
3111,7
3112,8
3113,7
3114,8
3115,0
3116,7
3117,8
3118,7
3119,8
3120,7
3121,8
3122,7
3123,7
3124,0
3125,8
3126,8
3127,7
3128,7
3129,7
3130,7
3131,7
3132,7
3133,7
3134,7
3135,7
3136,7
3137,7
3138,7
3139,7
3140,7
3141,7
3142,7
3143,7
3144,7
3145,7
3146,7
3147,7
3148,7
3149,7
3150,7
3151,7
3152,0
3153,7
3154,7
3155,7
3156,7
3157,7
3158,0
3159,7
3160,7
3161,7
3162,7
3163,7
3164,7
3165,7
3166,7
3167,0
3168,7
3169,7
3170,7
3171,0
3172,7
3173,7
3174,7
3175,7
3176,7
3177,7
3178,7
3179,7
3180,7
3181,0
3182,7
3183,7
3184,0
3185,7
3186,7
3187,7
3188,7
3189,7
3190,7
3191,7
3192,7
3193,7
3194,7
3195,7
3196,7
3197,4
3198,0
3199,6
3200,6
3201,6
3202,4
3203,4
3204,17
3205,4
3206,4
3207,0
3208,6
3209,5
3210,0
3211,0
3212,6
3213,6
3214,4
3215,5
3216,4
3217,4
3218,6
3219,0
3220,4
3221,0
3222,0
3223,0
3224,4
3225,5
3226,6
3227,6
3228,4
3229,4
3230,6
3231,0
3232,19
3233,4
3234,6
3235,6
3236,6
3237,0
3238,6
3239,0
3240,6
3241,0
3242,6
3243,0
3244,16
3245,0
3246,4
3247,0
3248,43
3249,7
3250,6
3251,6
3252,6
3253,2
3254,2
3255,2
3256,2
3257,2
3258,0
3259,2
3260,2
3261,2
3262,2
3263,2
3264,2
3265,2
3266,2
3267,2
3268,2
3269,2
3270,2
3271,2
3272,2
3273,0
3274,2
3275,2
3276,2
3277,2
3278,2
3279,2
3280,2
3281,0
3282,2
3283,2
3284,2
3285,33
3286,37
3287,3
3288,0
3289,35
3290,36
3291,10
3292,34
3293,10
3294,34
3295,37
3296,36
3297,38
3298,10
3299,10
3300,35
3301,3
3302,35
3303,10
3304,3
3305,35
3306,34
3307,31
3308,31
3309,31
3310,31
3311,36
3312,32
3313,32
3314,32
3315,31
3316,31
3317,31
3318,31
3319,31
3320,31
3321,31
3322,31
3323,31
3324,31
3325,31
3326,31
3327,31
3328,31
3329,31
3330,31
3331,31
3332,31
3333,31
3334,31
3335,31
3336,31
3337,31
3338,31
3339,31
3340,31
3341,31
3342,31
3343,31
3344,31
3345,31
3346,31
3347,31
3348,31
3349,31
3350,31
3351,31
3352,31
3353,31
3354,2
3355,2
3356,2
3357,2
3358,2
3359,2
3360,2
3361,2
3362,2
3363,2
3364,0
3365,2
3366,2
3367,2
3368,2
3369,2
3370,2
3371,2
3372,2
3373,2
3374,2
3375,2
3376,2
3377,7
3378,7
3379,7
3380,7
3381,7
3382,7
3383,7
3384,31
3385,31
3386,31
3387,31
3388,31
3389,31
3390,31
3391,31
3392,31
3393,31
3394,31
3395,31
3396,31
3397,31
3398,31
3399,31
3400,31
3401,31
3402,31
3403,31
3404,31
3405,31
3406,31
3407,31
3408,31
3409,31
3410,3
3411,36
3412,0
3413,32
3414,32
3415,10
3416,37
3417,10
3418,3
3419,0
3420,32
3421,10
3422,3
3423,3
3424,37
3425,0
3426,10
3427,3
3428,32
3429,32
3430,10
3431,0
3432,34
3433,34
3434,34
3435,0
3436,10
3437,34
3438,0
3439,32
3440,3
3441,35
3442,36
3443,32
3444,10
3445,10
3446,3
3447,34
3448,34
3449,34
3450,10
3451,35
3452,32
3453,39
3454,36
3455,34
3456,0
3457,3
3458,10
3459,3
3460,44
3461,34
3462,34
3463,34
3464,39
3465,3
3466,10
3467,3
3468,10
3469,10
3470,3
3471,31
3472,31
3473,33
3474,34
3475,31
3476,31
3477,3
3478,2
3479,2
3480,2
3481,2
3482,2
3483,2
3484,2
3485,6
3486,7
3487,7
3488,8
3489,7
3490,8
3491,7
3492,8
3493,8
3494,7
3495,7
3496,7
3497,7
3498,0
3499,8
3500,7
3501,7
3502,7
3503,7
3504,7
3505,7
3506,7
3507,0
3508,7
3509,8
3510,8
3511,8
3512,7
3513,8
3514,8
3515,7
3516,8
3517,7
3518,7
3519,8
3520,8
3521,8
3522,7
3523,7
3524,7
3525,8
3526,7
3527,7
3528,7
3529,8
3530,8
3531,7
3532,8
3533,7
3534,8
3535,7
3536,37
3537,39
3538,34
3539,32
3540,32
3541,40
3542,32
3543,3
3544,2
3545,2
3546,2
3547,2
3548,2
3549,2
3550,0
3551,2
3552,2
3553,2
3554,2
3555,2
3556,2
3557,2
3558,2
3559,2
3560,2
3561,2
3562,2
3563,2
3564,2
3565,2
3566,2
3567,2
3568,2
3569,2
3570,2
3571,2
3572,2
3573,2
3574,2
3575,2
3576,2
3577,2
3578,11
3579,12
3580,12
3581,11
3582,11
3583,11
3584,12
3585,7
3586,8
3587,8
3588,8
3589,0
3590,7
3591,8
3592,8
3593,7
3594,8
3595,12
3596,11
3597,12
3598,12
3599,11
3600,11
3601,12
3602,12
3603,12
3604,11
3605,11
3606,11
3607,0
3608,0
3609,0
3610,0
3611,0
3612,0
3613,27
3614,27
3615,15
3616,27
3617,27
3618,0
3619,0
3620,13
3621,13
3622,0
3623,0
3624,0
3625,0
3626,13
3627,0
3628,0
3629,13
3630,0
3631,0
3632,0
3633,27
3634,15
3635,0
3636,15
3637,15
3638,27
3639,14
3640,15
3641,27
3642,15
3643,15
3644,15
3645,13
3646,0
3647,13
3648,13
3649,0
3650,13
3651,0
3652,0
3653,0
3654,0
3655,0
3656,13
3657,0
3658,0
3659,0
3660,0
3661,13
3662,13
3663,14
3664,14
3665,14
3666,14
3667,14
3668,14
3669,14
3670,14
3671,14
3672,14
3673,14
3674,14
3675,14
3676,14
3677,14
3678,14
3679,14
3680,14
3681,14
3682,14
3683,14
3684,14
3685,14
3686,14
3687,14
3688,14
3689,15
3690,27
3691,15
3692,15
3693,15
3694,15
3695,27
3696,27
3697,15
3698,27
3699,27
3700,27
3701,27
3702,27
3703,15
3704,15
3705,14
3706,27
3707,0
3708,0
3709,0
3710,13
3711,13
3712,0
3713,0
3714,0
3715,0
3716,0
3717,13
3718,0
3719,0
3720,0
3721,0
3722,0
3723,0
3724,0
3725,0
3726,0
3727,0
3728,0
3729,0
3730,13
3731,0
3732,0
3733,13
3734,0
3735,27
3736,27
3737,11
3738,11
3739,12
3740,12
3741,0
3742,12
3743,12
3744,12
3745,11
3746,12
3747,0
3748,12
3749,0
3750,12
3751,11
3752,12
3753,11
3754,11
3755,11
3756,11
3757,12
3758,11
3759,11
3760,11
3761,12
3762,12
3763,11
3764,11
3765,11
3766,12
3767,11
3768,11
3769,12
3770,12
3771,11
3772,11
3773,12
3774,12
3775,11
3776,11
3777,12
3778,0
3779,0
3780,11
3781,11
3782,12
3783,11
3784,12
3785,0
3786,12
3787,12
3788,11
3789,11
3790,12
3791,12
3792,11
3793,0
3794,11
3795,12
3796,12
3797,11
3798,11
3799,11
3800,11
3801,12
3802,12
3803,11
3804,11
3805,12
3806,12
3807,12
3808,12
3809,11
3810,0
3811,11
3812,11
3813,11
3814,12
3815,11
3816,11
3817,12
3818,11
3819,11
3820,11
3821,12
3822,11
3823,12
3824,11
3825,11
3826,12
3827,12
3828,12
3829,12
3830,12
3831,11
3832,12
3833,14
3834,14
3835,14
3836,14
3837,20
3838,7
3839,20
3840,0
3841,7
3842,0
3843,20
3844,7
3845,20
3846,20
3847,7
3848,21
3849,7
3850,7
3851,20
3852,7
3853,20
3854,0
3855,7
3856,0
3857,7
3858,7
3859,24
3860,21
3861,24
3862,24
3863,21
3864,24
3865,24
3866,24
3867,21
3868,21
3869,21
3870,24
3871,21
3872,24
3873,24
3874,21
3875,24
3876,21
3877,14
3878,14
3879,14
3880,14
3881,14
3882,14
3883,14
3884,14
3885,14
3886,0
3887,14
3888,14
3889,14
3890,12
3891,11
3892,12
3893,0
3894,11
3895,11
3896,11
3897,12
3898,0
3899,12
3900,0
3901,11
3902,12
3903,11
3904,12
3905,11
3906,0
3907,11
3908,11
3909,11
3910,12
3911,11
3912,12
3913,11
3914,11
3915,11
3916,12
3917,11
3918,12
3919,12
3920,0
3921,12
3922,11
3923,11
3924,12
3925,12
3926,12
3927,12
3928,12
3929,12
3930,14
3931,14
3932,0
3933,14
3934,14
3935,15
3936,14
3937,14
3938,0
3939,14
3940,14
3941,14
3942,14
3943,14
3944,14
3945,14
3946,14
3947,14
3948,14
3949,14
3950,14
3951,11
3952,0
3953,12
3954,12
3955,22
3956,22
3957,22
3958,22
3959,22
3960,22
3961,22
3962,23
3963,22
3964,23
3965,23
3966,22
3967,22
3968,45
3969,22
3970,22
3971,23
3972,22
3973,4
3974,23
3975,23
3976,22
3977,0
3978,7
3979,0
3980,7
3981,20
3982,21
3983,7
3984,0
3985,7
3986,20
3987,7
3988,21
3989,7
3990,20
3991,20
3992,20
3993,7
3994,0
3995,21
3996,20
3997,7
3998,11
3999,11
4000,11
4001,11
4002,0
4003,12
4004,11
4005,11
4006,24
4007,21
4008,21
4009,21
4010,21
4011,21
4012,21
4013,24
4014,24
4015,24
4016,24
4017,21
4018,21
4019,24
4020,21
4021,24
4022,22
4023,0
4024,0
4025,0
4026,0
4027,13
4028,13
4029,13
4030,13
4031,0
4032,29
4033,29
4034,29
4035,29
4036,29
4037,29
4038,29
4039,29
4040,29
4041,29
4042,19
4043,19
4044,19
4045,19
4046,19
4047,19
4048,19
4049,19
4050,19
4051,19
4052,19
4053,19
4054,19
4055,19
4056,19
4057,19
4058,19
4059,19
4060,19
4061,19
4062,19
4063,0
4064,0
4065,0
4066,0
4067,0
4068,0
4069,0
4070,0
4071,0
4072,0
4073,0
4074,0
4075,0
4076,0
4077,0
4078,0
4079,0
4080,0
4081,0
4082,0
4083,0
4084,0
4085,0
4086,0
4087,0
4088,0
4089,0
4090,0
4091,0
4092,0
4093,0
4094,0
4095,0
4096,0
4097,0
4098,0
4099,0
4100,0
4101,0
4102,0
4103,0
4104,0
4105,0
4106,0
4107,0
4108,0
4109,0
4110,0
4111,0
4112,0
4113,0
4114,0
4115,0
4116,0
4117,0
4118,0
4119,0
4120,0
4121,0
4122,0
4123,0
4124,19
4125,19
4126,19
4127,19
4128,19
4129,19
4130,19
4131,19
4132,19
4133,19
4134,19
4135,19
4136,16
4137,0
4138,16
4139,16
4140,16
4141,16
4142,16
4143,16
4144,16
4145,16
4146,16
4147,16
4148,16
4149,16
4150,16
4151,16
4152,16
4153,0
4154,16
4155,16
4156,16
4157,16
4158,16
4159,16
4160,16
4161,16
4162,16
4163,16
4164,16
4165,16
4166,16
4167,16
4168,16
4169,16
4170,16
4171,16
4172,16
4173,16
4174,16
4175,16
4176,16
4177,24
4178,24
4179,24
4180,6
4181,24
4182,24
4183,24
4184,24
4185,24
4186,16
4187,16
4188,16
4189,7
4190,7
4191,7
4192,0
4193,29
4194,29
4195,29
4196,29
4197,29
4198,29
4199,0
4200,29
4201,7
4202,7
4203,7
4204,7
4205,7
4206,7
4207,7
4208,7
4209,7
4210,7
4211,7
4212,7
4213,7
4214,7
4215,0
4216,7
4217,0
4218,7
4219,7
4220,7
4221,7
4222,7
4223,7
4224,7
4225,7
4226,7
4227,7
4228,7
4229,7
4230,29
4231,29
4232,29
4233,29
4234,29
4235,29
4236,0
4237,0
4238,16
4239,16
4240,0
4241,16
4242,16
4243,16
4244,16
4245,16
4246,16
4247,16
4248,16
4249,16
4250,16
4251,16
4252,16
4253,16
4254,16
4255,16
4256,0
4257,16
4258,16
4259,16
4260,16
4261,16
4262,0
4263,16
4264,16
4265,16
4266,16
4267,16
4268,16
4269,24
4270,0
4271,24
4272,24
4273,4
4274,24
4275,46
4276,4
4277,6
4278,24
4279,24
4280,24
4281,47
4282,4
4283,24
4284,24
4285,24
4286,24
4287,24
4288,24
4289,47
4290,24
4291,24
4292,19
4293,19
4294,19
4295,19
4296,19
4297,29
4298,29
4299,29
4300,29
4301,29
4302,19
4303,19
4304,19
4305,16
4306,16
4307,16
4308,18
4309,18
4310,18
4311,18
4312,17
4313,17
4314,17
4315,17
4316,17
4317,17
4318,17
4319,17
4320,17
4321,18
4322,17
4323,17
4324,18
4325,18
4326,18
4327,18
4328,18
4329,17
4330,17
4331,17
4332,17
4333,17
4334,17
4335,18
4336,17
4337,17
4338,17
4339,18
4340,0
4341,18
4342,18
4343,18
4344,17
4345,18
4346,17
4347,17
4348,18
4349,41
4350,41
4351,0
4352,41
4353,41
4354,41
4355,41
4356,41
4357,41
4358,41
4359,41
4360,41
4361,41
4362,17
4363,41
4364,18
4365,17
4366,0
4367,18
4368,17
4369,18
4370,17
4371,18
4372,17
4373,18
4374,17
4375,18
4376,17
4377,0
4378,18
4379,18
4380,18
4381,18
4382,17
4383,18
4384,17
4385,17
4386,18
4387,17
4388,18
4389,17
4390,18
4391,18
4392,18
4393,18
4394,17
4395,18
4396,17
4397,19
4398,19
4399,19
4400,19
4401,19
4402,19
4403,19
4404,19
4405,19
4406,19
4407,19
4408,19
4409,19
4410,19
4411,18
4412,18
4413,18
4414,18
4415,18
4416,0
4417,18
4418,18
4419,18
4420,41
4421,41
4422,41
4423,41
4424,41
4425,0
4426,41
4427,41
4428,41
4429,41
4430,41
4431,41
4432,41
4433,41
4434,41
4435,41
4436,41
4437,41
4438,41
4439,41
4440,41
4441,0
4442,41
4443,41
4444,41
4445,41
4446,0
4447,41
4448,41
4449,41
4450,41
4451,41
4452,41
4453,41
4454,41
4455,41
4456,41
4457,41
4458,41
4459,41
4460,41
4461,41
4462,41
4463,41
4464,41
4465,41
4466,41
4467,41
4468,0
4469,0
4470,41
4471,41
4472,41
4473,0
4474,41
4475,41
4476,41
4477,41
4478,41
4479,41
4480,41
4481,41
4482,41
4483,0
4484,41
4485,41
4486,41
4487,41
4488,41
4489,41
4490,41
4491,0
4492,41
4493,41
4494,41
4495,41
4496,0
4497,41
4498,41
4499,41
4500,41
4501,41
4502,41
4503,41
4504,41
4505,42
4506,42
4507,42
4508,42
4509,42
4510,42
4511,42
4512,42
4513,42
4514,42
4515,42
4516,42
4517,42
4518,42
4519,42
4520,42
4521,42
4522,42
4523,42
4524,42
4525,42
4526,42
4527,42
4528,42
4529,0
4530,2
4531,2
4532,2
4533,2
4534,0
4535,2
4536,2
4537,2
4538,2
4539,2
4540,2
4541,2
4542,2
4543,2
4544,2
4545,2
4546,2
4547,2
4548,2
4549,2
4550,2
4551,2
4552,0
4553,2
4554,2
4555,2
4556,2
4557,2
4558,2
4559,2
4560,2
4561,2
4562,2
4563,2
4564,2
4565,2
4566,2
4567,0
4568,2
4569,2
4570,0
4571,0
4572,0
4573,15
4574,27
4575,27
4576,0
4577,13
4578,0
4579,0
4580,0
4581,0
4582,0
4583,13
4584,0
4585,0
4586,28
4587,28
4588,28
4589,7
4590,7
4591,7
4592,7
4593,7
4594,7
4595,7
4596,7
4597,7
4598,7
4599,7
4600,7
4601,7
4602,7
4603,7
4604,7
4605,7
4606,7
4607,5
4608,7
4609,7
4610,7
4611,7
4612,7
4613,28
4614,28
4615,28
4616,28
4617,28
4618,28
4619,28
4620,28
4621,28
4622,28
4623,28
4624,28
4625,28
4626,28
4627,28
4628,28
4629,0
4630,28
4631,28
4632,28
4633,28
4634,28
4635,28
4636,28
4637,28
4638,28
4639,17
4640,0
4641,28
4642,28
4643,0
4644,7
4645,28
4646,28
4647,28
4648,28
4649,28
4650,28
4651,28
4652,28
4653,28
4654,28
4655,0
4656,0
4657,0
4658,0
4659,0
4660,0
4661,0
4662,0
4663,0
4664,0
4665,0
4666,0
4667,0
4668,0
4669,0
4670,0
4671,0
4672,0
4673,0
4674,0
4675,0
4676,0
4677,0
4678,0
4679,0
4680,0
4681,0
4682,0
4683,0
4684,0
4685,0
4686,0
4687,0
4688,0
4689,0
4690,0
4691,0
4692,0
4693,0
4694,0
4695,0
4696,0
4697,0
4698,0
4699,0
4700,0
4701,0
4702,0
4703,7
4704,0
4705,7
4706,7
4707,5
4708,5
4709,5
4710,5
4711,5
4712,5
4713,5
4714,5
4715,5
4716,5
4717,5
4718,19
4719,19
4720,19
4721,19
4722,19
4723,19
4724,19
4725,19
4726,19
4727,19
4728,19
4729,19
4730,19
4731,19
4732,24
4733,24
4734,24
4735,24
4736,24
4737,24
4738,24
4739,24
4740,24
4741,24
4742,24
4743,47
4744,24
4745,24
4746,24
4747,24
4748,24
4749,24
4750,24
4751,24
4752,0
4753,24
4754,24
4755,24
4756,24
4757,6
4758,4
4759,0
4760,0
4761,0
4762,0
4763,0
4764,13
4765,0
4766,19
4767,19
4768,19
4769,19
4770,19
4771,19
4772,19
4773,19
4774,19
4775,19
4776,19
4777,19
4778,19
4779,19
4780,19
4781,19
4782,19
4783,19
4784,19
4785,19
4786,19
4787,19
4788,19
4789,19
4790,19
4791,19
4792,19
4793,19
4794,19
4795,19
4796,19
4797,19
4798,19
4799,19
4800,19
4801,19
4802,19
4803,19
4804,19
4805,19
4806,19
4807,19
4808,19
4809,29
4810,29
4811,29
4812,29
4813,29
4814,29
4815,29
4816,29
4817,29
4818,29
4819,19
4820,19
4821,19
4822,19
4823,19
4824,19
4825,19
4826,19
4827,19
4828,29
4829,29
4830,29
4831,29
4832,29
4833,29
4834,29
4835,29
4836,29
4837,19
4838,19
4839,19
4840,19
4841,19
4842,19
4843,19
4844,19
4845,29
4846,29
4847,29
4848,29
4849,29
4850,29
4851,29
4852,19
4853,19
4854,19
4855,19
4856,19
4857,19
4858,19
4859,13
4860,0
4861,0
4862,29
4863,29
4864,29
4865,29
4866,29
4867,29
4868,2
4869,2
4870,2
4871,2
4872,2
4873,2
4874,2
4875,2
4876,0
4877,2
4878,2
4879,2
4880,2
4881,2
4882,2
4883,2
4884,2
4885,2
4886,2
4887,2
4888,2
4889,2
4890,1
4891,1
4892,0
4893,1
4894,1
4895,1
4896,1
4897,1
4898,1
4899,1
4900,1
4901,1
4902,1
4903,1
4904,1
4905,1
4906,1
4907,1
4908,1
4909,1
4910,1
4911,1
4912,1
4913,1
4914,1
4915,1
4916,1
4917,2
4918,2
4919,2
4920,2
4921,2
4922,2
4923,2
4924,2
4925,2
4926,2
4927,2
4928,2
4929,2
4930,2
4931,2
4932,2
4933,2
4934,2
4935,2
4936,2
4937,2
4938,2
4939,2
4940,0
4941,2
4942,2
4943,2
4944,2
4945,2
4946,0
4947,2
4948,2
4949,2
4950,2
4951,2
4952,2
4953,1
4954,1
4955,1
4956,1
4957,1
4958,1
4959,1
4960,1
4961,1
4962,1
4963,1
4964,1
4965,1
4966,1
4967,1
4968,1
4969,0
4970,1
4971,1
4972,0
4973,0
4974,1
4975,1
4976,1
4977,1
4978,1
4979,1
4980,0
4981,1
4982,1
4983,1
4984,1
4985,1
4986,1
4987,1
4988,1
4989,1
4990,1
4991,0
4992,1
4993,7
4994,7
4995,7
4996,7
4997,7
4998,7
4999,7
5000,7
5001,7
5002,7
5003,7
5004,0
5005,7
5006,7
5007,7
5008,7
5009,7
5010,7
5011,7
5012,0
5013,7
5014,7
5015,0
5016,7
5017,7
5018,7
5019,0
5020,7
5021,0
5022,7
5023,7
5024,0
5025,7
5026,7
5027,7
5028,7
5029,7
5030,0
5031,7
5032,7
5033,7
5034,7
5035,7
5036,7
5037,7
5038,0
5039,7
5040,7
5041,7
5042,7
5043,7
5044,7
5045,7
5046,0
5047,7
5048,7
5049,7
5050,0
5051,7
5052,7
5053,7
5054,7
5055,7
5056,7
5057,7
5058,7
5059,7
5060,7
5061,7
5062,7
5063,7
5064,7
5065,7
5066,7
5067,7
5068,7
5069,7
5070,0
5071,7
5072,7
5073,7
5074,7
5075,7
5076,7
5077,7
5078,0
5079,7
5080,7
5081,7
5082,7
5083,7
5084,7
5085,7
5086,1
5087,1
5088,1
5089,1
5090,1
5091,1
5092,1
5093,1
5094,1
5095,1
5096,1
5097,2
5098,0
5099,2
5100,2
5101,2
5102,0
5103,2
5104,3
5105,10
5106,3
5107,10
5108,0
5109,3
5110,10
5111,2
5112,2
5113,2
5114,0
5115,2
5116,2
5117,2
5118,32
5119,3
5120,32
5121,34
5122,32
5123,35
5124,34
5125,10
5126,39
5127,35
5128,37
5129,36
5130,3
5131,2
5132,2
5133,45
5134,0
5135,10
5136,34
5137,34
5138,34
5139,10
5140,34
5141,31
5142,31
5143,31
5144,31
5145,31
5146,31
5147,36
5148,3
5149,32
5150,10
5151,31
5152,31
5153,31
5154,31
5155,31
5156,31
5157,31
5158,31
5159,2
5160,0
5161,2
5162,2
5163,2
5164,2
5165,2
5166,2
5167,2
5168,2
5169,2
5170,2
5171,2
5172,0
5173,2
5174,2
5175,2
5176,2
5177,2
5178,2
5179,0
5180,2
5181,2
5182,2
5183,2
5184,2
5185,2
5186,2
5187,2
5188,2
5189,2
5190,2
5191,2
5192,2
5193,2
5194,2
5195,2
5196,2
5197,2
5198,2
5199,2
5200,2
5201,2
5202,2
5203,2
5204,2
5205,2
5206,2
5207,2
5208,2
5209,2
5210,2
5211,2
5212,2
5213,2
5214,32
5215,3
5216,34
5217,3
5218,14
5219,14
5220,14
5221,14
5222,14
5223,14
5224,14
5225,14
5226,14
5227,14
5228,14
5229,14
5230,14
5231,14
5232,14
5233,14
5234,14
5235,14
5236,14
5237,14
5238,14
5239,14
5240,14
5241,14
5242,14
5243,14
5244,14
5245,14
5246,14
5247,24
5248,24
5249,24
5250,24
5251,21
5252,21
5253,24
5254,21
5255,24
5256,21
5257,21
5258,24
5259,21
5260,21
5261,24
5262,24
5263,21
5264,21
5265,24
5266,20
5267,20
5268,21
5269,21
5270,21
5271,7
5272,20
5273,7
5274,0
5275,0
5276,7
5277,20
5278,20
5279,20
5280,20
5281,20
5282,7
5283,20
5284,20
5285,20
5286,14
5287,14
5288,14
5289,14
5290,14
5291,14
5292,27
5293,15
5294,15
5295,27
5296,15
5297,15
5298,27
5299,27
5300,27
5301,27
5302,15
5303,27
5304,0
5305,15
5306,27
5307,27
5308,27
5309,15
5310,6
5311,12
5312,12
5313,12
5314,25
5315,12
5316,14
5317,0
5318,12
5319,12
5320,12
5321,12
5322,12
5323,12
5324,11
5325,12
5326,14
5327,14
5328,14
5329,0
5330,14
5331,14
5332,14
5333,14
5334,14
5335,14
5336,14
5337,14
5338,14
5339,14
5340,14
5341,14
5342,0
5343,0
5344,0
5345,13
5346,13
5347,0
5348,0
5349,0
5350,0
5351,0
5352,0
5353,0
5354,0
5355,0
5356,13
5357,0
5358,0
5359,0
5360,0
5361,0
5362,0
5363,0
5364,0
5365,0
5366,0
5367,0
5368,0
5369,0
5370,13
5371,14
5372,14
5373,15
5374,27
5375,27
5376,27
5377,15
5378,27
5379,27
5380,6
5381,13
5382,0
5383,0
5384,0
5385,0
5386,13
5387,0
5388,13
5389,13
5390,13
5391,0
5392,0
5393,0
5394,14
5395,14
5396,4
5397,0
5398,6
5399,6
5400,4
5401,4
5402,48
5403,4
5404,4
5405,4
5406,6
5407,0
5408,6
5409,4
5410,6
5411,0
5412,13
5413,0
5414,0
5415,0
5416,0
5417,0
5418,13
5419,0
5420,0
5421,0
5422,13
5423,0
5424,14
5425,14
5426,22
5427,22
5428,22
5429,22
5430,23
5431,22
5432,22
5433,22
5434,22
5435,22
5436,22
5437,21
5438,20
5439,21
5440,20
5441,20
5442,20
5443,21
5444,20
5445,7
5446,14
5447,14
5448,11
5449,12
5450,0
5451,12
5452,12
5453,11
5454,11
5455,11
5456,11
5457,12
5458,12
5459,11
5460,12
5461,12
5462,12
5463,11
5464,11
5465,11
5466,11
5467,12
5468,12
5469,12
5470,11
5471,12
5472,11
5473,11
5474,12
5475,12
5476,12
5477,12
5478,11
5479,11
5480,12
5481,11
5482,11
5483,12
5484,11
5485,11
5486,11
5487,11
5488,12
5489,7
5490,20
5491,20
5492,7
5493,20
5494,7
5495,7
5496,0
5497,20
5498,20
5499,22
5500,22
5501,22
5502,22
5503,23
5504,23
5505,49
5506,23
5507,22
5508,23
5509,22
5510,24
5511,24
5512,21
5513,24
5514,21
5515,24
5516,21
5517,24
5518,24
5519,24
5520,21
5521,21
5522,2
5523,21
5524,24
5525,24
5526,21
5527,20
5528,12
5529,12
5530,14
5531,14
5532,14
5533,14
5534,14
5535,14
5536,14
5537,14
5538,14
5539,14
5540,15
5541,14
5542,14
5543,14
5544,14
5545,8
5546,8
5547,8
5548,12
5549,11
5550,11
5551,11
5552,11
5553,12
5554,12
5555,14
5556,14
5557,14
5558,14
5559,14
5560,14
5561,7
5562,0
5563,7
5564,7
5565,7
5566,7
5567,0
5568,7
5569,7
5570,7
5571,7
5572,7
5573,7
5574,7
5575,0
5576,7
5577,7
5578,7
5579,7
5580,7
5581,7
5582,7
5583,7
5584,7
5585,7
5586,7
5587,0
5588,7
5589,31
5590,31
5591,31
5592,31
5593,31
5594,31
5595,31
5596,31
5597,31
5598,31
5599,31
5600,31
5601,31
5602,31
5603,31
5604,31
5605,31
5606,31
5607,31
5608,31
5609,31
5610,31
5611,31
5612,31
5613,31
5614,31
5615,31
5616,31
5617,31
5618,31
5619,31
5620,31
5621,31
5622,31
5623,39
5624,32
5625,10
5626,35
5627,10
5628,10
5629,35
5630,10
5631,10
5632,34
5633,34
5634,37
5635,10
5636,32
5637,0
5638,32
5639,36
5640,0
5641,1
5642,1
5643,1
5644,3
5645,10
5646,3
5647,32
5648,0
5649,18
5650,18
5651,17
5652,18
5653,0
5654,17
5655,17
5656,17
5657,17
5658,18
5659,18
5660,18
5661,18
5662,17
5663,17
5664,18
5665,18
5666,18
5667,17
5668,18
5669,18
5670,7
5671,7
5672,7
5673,18
5674,0
5675,18
5676,18
5677,18
5678,18
5679,18
5680,18
5681,17
5682,17
5683,18
5684,17
5685,17
5686,17
5687,17
5688,18
5689,18
5690,17
5691,18
5692,18
5693,16
5694,16
5695,16
5696,16
5697,0
5698,16
5699,16
5700,16
5701,16
5702,16
5703,16
5704,16
5705,16
5706,16
5707,16
5708,16
5709,16
5710,16
5711,16
5712,29
5713,29
5714,29
5715,29
5716,29
5717,0
5718,0
5719,0
5720,0
5721,0
5722,0
5723,0
5724,0
5725,0
5726,0
5727,0
5728,0
5729,0
5730,0
5731,0
5732,0
5733,0
5734,0
5735,0
5736,0
5737,0
5738,0
5739,29
5740,29
5741,29
5742,19
5743,19
5744,19
5745,19
5746,19
5747,19
5748,19
5749,19
5750,19
5751,19
5752,19
5753,19
5754,19
5755,19
5756,19
5757,19
5758,19
5759,19
5760,19
5761,16
5762,16
5763,16
5764,16
5765,16
5766,16
5767,16
5768,16
5769,16
5770,16
5771,16
5772,16
5773,0
5774,16
5775,16
5776,17
5777,17
5778,18
5779,17
5780,18
5781,0
5782,17
5783,18
5784,18
5785,17
5786,0
5787,17
5788,18
5789,18
5790,18
5791,18
5792,0
5793,17
5794,17
5795,17
5796,17
5797,0
5798,17
5799,17
5800,17
5801,17
5802,17
5803,17
5804,0
5805,17
5806,17
5807,17
5808,17
5809,17
5810,17
5811,18
5812,17
5813,0
5814,18
5815,17
5816,17
5817,17
5818,18
5819,18
5820,17
5821,17
5822,17
5823,18
5824,17
5825,18
5826,18
5827,17
5828,0
5829,18
5830,18
5831,17
5832,17
5833,17
5834,18
5835,18
5836,18
5837,17
5838,0
5839,18
5840,17
5841,18
5842,17
5843,0
5844,17
5845,16
5846,16
5847,16
5848,16
5849,16
5850,16
5851,16
5852,16
5853,0
5854,16
5855,16
5856,16
5857,16
5858,0
5859,16
5860,16
5861,16
5862,16
5863,16
5864,16
5865,16
5866,16
5867,16
5868,16
5869,16
5870,16
5871,0
5872,0
5873,13
5874,13
5875,15
5876,0
5877,0
5878,18
5879,17
5880,0
5881,18
5882,17
5883,18
5884,0
5885,18
5886,17
5887,18
5888,18
5889,17
5890,17
5891,0
5892,18
5893,17
5894,18
5895,17
5896,17
5897,0
5898,17
5899,18
5900,17
5901,17
5902,17
5903,17
5904,17
5905,17
5906,0
5907,17
5908,18
5909,17
5910,17
5911,16
5912,16
5913,16
5914,16
5915,16
5916,16
5917,16
5918,17
5919,17
5920,17
5921,17
5922,17
5923,18
5924,17
5925,18
5926,17
5927,17
5928,17
5929,18
5930,17
5931,17
5932,17
5933,17
5934,17
5935,17
5936,17
5937,17
5938,18
5939,17
5940,17
5941,17
5942,18
5943,16
5944,16
5945,0
5946,0
5947,16
5948,16
5949,16
5950,16
5951,16
5952,16
5953,0
5954,16
5955,16
5956,16
5957,16
5958,16
5959,16
5960,16
5961,16
5962,16
5963,16
5964,16
5965,16
5966,16
5967,16
5968,16
5969,16
5970,16
5971,16
5972,16
5973,16
5974,16
5975,16
5976,16
5977,16
5978,16
5979,24
5980,24
5981,4
5982,24
5983,6
5984,24
5985,24
5986,24
5987,24
5988,6
5989,16
5990,0
5991,16
5992,16
5993,16
5994,16
5995,16
5996,16
5997,0
5998,18
5999,18
6000,18
6001,18
6002,18
6003,18
6004,18
6005,18
6006,18
6007,18
6008,18
6009,18
6010,18
6011,18
6012,17
6013,0
6014,17
6015,7
6016,7
6017,7
6018,7
6019,7
6020,7
6021,7
6022,7
6023,0
6024,7
6025,31
6026,31
6027,31
6028,31
6029,31
6030,31
6031,31
6032,31
6033,31
6034,31
6035,31
6036,31
6037,31
6038,31
6039,31
6040,31
6041,31
6042,31
6043,31
6044,31
6045,31
6046,31
6047,31
6048,31
6049,31
6050,31
6051,31
6052,31
6053,31
6054,31
6055,31
6056,31
6057,31
6058,31
6059,31
6060,31
6061,31
6062,31
6063,31
6064,31
6065,31
6066,31
6067,31
6068,31
6069,31
6070,31
6071,31
6072,31
6073,31
6074,31
6075,31
6076,31
6077,31
6078,31
6079,31
6080,31
6081,31
6082,31
6083,31
6084,31
6085,31
6086,31
6087,31
6088,31
6089,31
6090,31
6091,31
6092,31
6093,31
6094,31
6095,2
6096,2
6097,0
6098,2
6099,2
6100,2
6101,2
6102,2
6103,0
6104,2
6105,2
6106,1
6107,0
6108,1
6109,1
6110,1
6111,1
6112,1
6113,0
6114,1
6115,2
6116,2
6117,2
6118,2
6119,2
6120,2
6121,2
6122,2
6123,2
6124,0
6125,1
6126,1
6127,1
6128,1
6129,0
6130,1
6131,0
6132,1
6133,1
6134,1
6135,1
6136,1
6137,1
6138,1
6139,1
6140,2
6141,2
6142,2
6143,2
6144,0
6145,2
6146,2
6147,0
6148,2
6149,2
6150,2
6151,2
6152,0
6153,2
6154,2
6155,2
6156,0
6157,2
6158,2
6159,2
6160,2
6161,1
6162,1
6163,1
6164,1
6165,1
6166,1
6167,1
6168,1
6169,1
6170,1
6171,1
6172,1
6173,1
6174,1
6175,1
6176,1
6177,1
6178,1
6179,1
6180,1
6181,1
6182,0
6183,1
6184,1
6185,1
6186,0
6187,1
6188,1
6189,1
6190,1
6191,0
6192,1
6193,1
6194,1
6195,1
6196,1
6197,1
6198,1
6199,1
6200,1
6201,1
6202,1
6203,1
6204,1
6205,1
6206,1
6207,1
6208,0
6209,1
6210,1
6211,1
6212,1
6213,1
6214,1
6215,0
6216,1
6217,1
6218,1
6219,0
6220,1
6221,1
6222,1
6223,1
6224,0
6225,1
6226,1
6227,1
6228,1
6229,1
6230,1
6231,1
6232,1
6233,3
6234,3
6235,10
6236,10
6237,3
6238,10
6239,10
6240,35
6241,0
6242,32
6243,32
6244,0
6245,34
6246,36
6247,35
6248,10
6249,33
6250,10
6251,36
6252,10
6253,35
6254,0
6255,10
6256,10
6257,36
6258,34
6259,10
6260,3
6261,32
6262,3
6263,0
6264,10
6265,35
6266,10
6267,37
6268,35
6269,34
6270,35
6271,34
6272,35
6273,37
6274,34
6275,37
6276,3
6277,36
6278,10
6279,35
6280,10
6281,3
6282,3
6283,3
6284,3
6285,2
6286,2
6287,2
6288,2
6289,2
6290,2
6291,2
6292,2
6293,2
6294,2
6295,2
6296,2
6297,2
6298,2
6299,0
6300,2
6301,2
6302,2
6303,2
6304,2
6305,2
6306,2
6307,2
6308,2
6309,2
6310,2
6311,2
6312,5
6313,6
6314,4
6315,6
6316,8
6317,8
6318,7
6319,7
6320,8
6321,7
6322,7
6323,7
6324,7
6325,8
6326,8
6327,8
6328,7
6329,2
6330,2
6331,0
6332,2
6333,2
6334,2
6335,2
6336,2
6337,2
6338,11
6339,11
6340,12
6341,12
6342,12
6343,11
6344,11
6345,12
6346,11
6347,11
6348,12
6349,11
6350,5
6351,6
6352,4
6353,0
6354,6
6355,6
6356,6
6357,4
6358,0
6359,16
6360,0
6361,6
6362,4
6363,0
6364,6
6365,11
6366,12
6367,11
6368,12
6369,12
6370,0
6371,0
6372,11
6373,12
6374,11
6375,11
6376,11
6377,12
6378,11
6379,12
6380,12
6381,0
6382,0
6383,12
6384,11
6385,12
6386,11
6387,11
6388,12
6389,12
6390,12
6391,11
6392,0
6393,12
6394,11
6395,1
6396,1
6397,1
6398,1
6399,1
6400,1
6401,1
6402,1
6403,1
6404,1
6405,1
6406,0
6407,1
6408,1
6409,1
6410,1
6411,1
6412,1
6413,1
6414,1
6415,1
6416,1
6417,0
6418,1
6419,1
6420,1
6421,1
6422,1
6423,1
6424,0
6425,1
6426,1
6427,1
6428,1
6429,1
6430,1
6431,1
6432,1
6433,1
6434,1
6435,1
6436,1
6437,1
6438,1
6439,1
6440,1
6441,1
6442,1
6443,1
6444,1
6445,1
6446,1
6447,1
6448,1
6449,4
6450,4
6451,0
6452,0
6453,6
6454,0
6455,5
6456,0
6457,48
6458,0
6459,6
6460,2
6461,2
6462,2
6463,2
6464,2
6465,2
6466,6
6467,5
6468,0
6469,0
6470,4
6471,0
6472,6
6473,0
6474,5
6475,5
6476,0
6477,8
6478,7
6479,7
6480,7
6481,8
6482,7
6483,0
6484,8
6485,7
6486,8
6487,5
6488,6
6489,4
6490,0
6491,0
6492,6
6493,6
6494,4
6495,6
6496,0
6497,0
6498,4
6499,6
6500,6
6501,6
6502,0
6503,7
6504,7
6505,8
6506,8
6507,7
6508,8
6509,7
6510,7
6511,8
6512,8
6513,8
6514,8
6515,7
6516,7
6517,8
6518,8
6519,8
6520,7
6521,7
6522,11
6523,11
6524,12
6525,12
6526,12
6527,12
6528,11
6529,11
6530,11
6531,11
6532,11
6533,12
6534,12
6535,0
6536,7
6537,8
6538,7
6539,7
6540,0
6541,7
6542,8
6543,8
6544,7
6545,7
6546,7
6547,7
6548,8
6549,8
6550,8
6551,7
6552,7
6553,7
6554,7
6555,0
6556,8
6557,11
6558,11
6559,0
6560,12
6561,12
6562,11
6563,12
6564,11
6565,12
6566,12
6567,11
6568,11
6569,11
6570,11
6571,12
6572,11
6573,12
6574,12
6575,12
6576,11
6577,11
6578,12
6579,11
6580,0
6581,12
6582,12
6583,11
6584,12
6585,11
6586,12
6587,12
6588,11
6589,8
6590,7
6591,8
6592,8
6593,7
6594,8
6595,8
6596,7
6597,8
6598,7
6599,8
6600,7
6601,7
6602,7
6603,7
6604,8
6605,8
6606,8
6607,8
6608,7
6609,7
6610,8
6611,8
6612,7
6613,7
6614,8
6615,7
6616,8
6617,8
6618,8
6619,7
6620,0
6621,8
6622,8
6623,7
6624,8
6625,8
6626,8
6627,7
6628,7
6629,7
6630,8
6631,8
6632,7
6633,8
6634,8
6635,7
6636,8
6637,8
6638,8
6639,7
6640,8
6641,7
6642,8
6643,7
6644,8
6645,0
6646,7
6647,7
6648,8
6649,8
6650,16
6651,16
6652,16
6653,16
6654,16
6655,16
6656,16
6657,16
6658,16
6659,16
6660,16
6661,16
6662,16
6663,16
6664,16
6665,16
6666,16
6667,16
6668,16
6669,16
6670,16
6671,16
6672,16
6673,18
6674,17
6675,0
6676,18
6677,17
6678,18
6679,18
6680,0
6681,17
6682,0
6683,0
6684,41
6685,0
6686,41
6687,41
6688,0
6689,0
6690,41
6691,41
6692,41
6693,41
6694,41
6695,41
6696,41
6697,41
6698,41
6699,41
6700,41
6701,0
6702,41
6703,41
6704,41
6705,41
6706,41
6707,41
6708,41
6709,41
6710,0
6711,41
6712,0
6713,41
6714,41
6715,41
6716,41
6717,41
6718,41
6719,41
6720,41
6721,41
6722,0
6723,41
6724,41
6725,41
6726,41
6727,0
6728,41
6729,41
6730,41
6731,41
6732,0
6733,41
6734,41
6735,41
6736,41
6737,41
6738,41
6739,41
6740,41
6741,41
6742,41
6743,17
6744,18
6745,18
6746,18
6747,18
6748,18
6749,17
6750,17
6751,18
6752,18
6753,18
6754,17
6755,18
6756,18
6757,17
6758,17
6759,17
6760,18
6761,17
6762,18
6763,18
6764,18
6765,18
6766,17
6767,18
6768,0
6769,17
6770,17
6771,17
6772,18
6773,0
6774,18
6775,18
6776,18
6777,41
6778,0
6779,41
6780,41
6781,41
6782,41
6783,41
6784,41
6785,41
6786,41
6787,41
6788,41
6789,41
6790,41
6791,41
6792,41
6793,41
6794,41
6795,41
6796,41
6797,41
6798,0
6799,0
6800,41
6801,41
6802,41
6803,0
6804,41
6805,41
6806,41
6807,41
6808,41
6809,0
6810,41
6811,41
6812,0
6813,41
6814,41
6815,41
6816,41
6817,41
6818,41
6819,41
6820,41
6821,41
6822,41
6823,41
6824,41
6825,41
6826,41
6827,41
6828,41
6829,0
6830,41
6831,41
6832,41
6833,41
6834,41
6835,41
6836,41
6837,41
6838,41
6839,41
6840,41
6841,0
6842,41
6843,41
6844,41
6845,0
6846,41
6847,41
6848,42
6849,42
6850,0
6851,42
6852,42
6853,42
6854,42
6855,42
6856,42
6857,42
6858,42
6859,0
6860,42
6861,42
6862,42
6863,42
6864,42
6865,42
6866,42
6867,42
6868,42
6869,42
6870,42
6871,42
6872,42
6873,0
6874,42
6875,42
6876,42
6877,42
6878,42
6879,42
6880,42
6881,1
6882,1
6883,1
6884,1
6885,1
6886,1
6887,0
6888,1
6889,1
6890,1
6891,1
6892,1
6893,1
6894,1
6895,1
6896,0
6897,7
6898,7
6899,7
6900,7
6901,7
6902,7
6903,0
6904,7
6905,1
6906,1
6907,1
6908,2
6909,0
6910,2
6911,2
6912,2
6913,2
6914,2
6915,2
6916,0
6917,2
6918,0
6919,2
6920,2
6921,0
6922,2
6923,2
6924,2
6925,2
6926,2
6927,7
6928,7
6929,7
6930,7
6931,0
6932,7
6933,7
6934,7
6935,7
6936,7
6937,0
6938,7
6939,7
6940,7
6941,0
6942,7
6943,7
6944,0
6945,7
6946,7
6947,7
6948,7
6949,7
6950,7
6951,7
6952,7
6953,7
6954,7
6955,7
6956,7
6957,0
6958,7
6959,7
6960,0
6961,7
6962,1
6963,1
6964,1
6965,1
6966,1
6967,1
6968,1
6969,1
6970,0
6971,0
6972,2
6973,2
6974,2
6975,2
6976,2
6977,2
6978,2
6979,2
6980,0
6981,1
6982,0
6983,1
6984,1
6985,1
6986,1
6987,1
6988,1
6989,1
6990,1
6991,0
6992,1
6993,1
6994,1
6995,1
6996,1
6997,1
6998,1
6999,1
7000,1
7001,2
7002,2
7003,0
7004,2
7005,2
7006,2
7007,1
7008,1
7009,1
7010,1
7011,1
7012,1
7013,1
7014,1
7015,1
7016,1
7017,1
7018,1
7019,0
7020,1
7021,1
7022,1
7023,1
7024,1
7025,0
7026,1
7027,1
7028,1
7029,1
7030,1
7031,1
7032,1
7033,1
7034,1
7035,1
7036,1
7037,1
7038,1
7039,1
7040,0
7041,1
7042,1
7043,1
7044,1
7045,1
7046,1
7047,1
7048,1
7049,1
7050,1
7051,1
7052,1
7053,1
7054,1
7055,1
7056,1
7057,1
7058,1
7059,1
7060,0
7061,1
7062,1
7063,1
7064,1
7065,1
7066,1
7067,1
7068,1
7069,1
7070,1
7071,1
7072,1
7073,1
7074,1
7075,1
7076,1
7077,1
7078,1
7079,1
7080,1
7081,1
7082,1
7083,0
7084,1
7085,1
7086,0
7087,1
7088,0
7089,1
7090,1
7091,1
7092,1
7093,1
7094,1
7095,1
7096,1
7097,1
7098,0
7099,1
7100,1
7101,1
7102,1
7103,1
7104,1
7105,1
7106,2
7107,2
7108,2
7109,2
7110,2
7111,2
7112,0
7113,2
7114,2
7115,2
7116,2
7117,2
7118,2
7119,2
7120,2
7121,2
7122,2
7123,2
7124,2
7125,2
7126,0
7127,2
7128,2
7129,2
7130,2
7131,2
7132,2
7133,2
7134,2
7135,2
7136,2
7137,2
7138,2
7139,2
7140,2
7141,2
7142,2
7143,2
7144,2
7145,2
7146,1
7147,1
7148,0
7149,1
7150,1
7151,1
7152,1
7153,1
7154,1
7155,0
7156,1
7157,1
7158,1
7159,1
7160,1
7161,1
7162,1
7163,1
7164,1
7165,1
7166,1
7167,1
7168,1
7169,1
7170,1
7171,1
7172,1
7173,1
7174,1
7175,1
7176,1
7177,1
7178,1
7179,1
7180,1
7181,1
7182,1
7183,1
7184,1
7185,1
7186,1
7187,1
7188,1
7189,1
7190,0
7191,1
7192,1
7193,1
7194,1
7195,1
7196,1
7197,1
7198,1
7199,1
7200,0
7201,1
7202,1
7203,1
7204,1
7205,1
7206,1
7207,1
7208,0
7209,1
7210,1
7211,1
7212,1
7213,1
7214,1
7215,1
7216,1
7217,1
7218,1
7219,1
7220,1
7221,1
7222,1
7223,10
7224,35
7225,3
7226,31
7227,31
7228,31
7229,31
7230,31
7231,31
7232,31
7233,31
7234,31
7235,31
7236,31
7237,31
7238,31
7239,10
7240,0
7241,32
7242,36
7243,10
7244,3
7245,3
7246,31
7247,31
7248,31
7249,31
7250,31
7251,31
7252,31
7253,31
7254,31
7255,31
7256,31
7257,31
7258,31
7259,31
7260,31
7261,31
7262,31
7263,31
7264,2
7265,2
7266,2
7267,2
7268,2
7269,2
7270,2
7271,0
7272,2
7273,2
7274,2
7275,2
7276,2
7277,2
7278,2
7279,2
7280,2
7281,0
7282,2
7283,2
7284,2
7285,2
7286,2
7287,2
7288,2
7289,2
7290,2
7291,2
7292,2
7293,2
7294,0
7295,2
7296,2
7297,2
7298,2
7299,2
7300,2
7301,2
7302,0
7303,2
7304,2
7305,2
7306,2
7307,2
7308,2
7309,2
7310,2
7311,0
7312,2
7313,2
7314,4
7315,4
7316,4
7317,5
7318,4
7319,5
7320,4
7321,0
7322,6
7323,4
7324,0
7325,4
7326,4
7327,0
7328,4
7329,0
7330,6
7331,4
7332,17
7333,6
7334,6
7335,0
7336,0
7337,6
7338,0
7339,6
7340,6
7341,0
7342,6
7343,8
7344,7
7345,7
7346,8
7347,8
7348,8
7349,7
7350,8
7351,4
7352,4
7353,6
7354,6
7355,5
7356,0
7357,6
7358,8
7359,0
7360,7
7361,7
7362,8
7363,7
7364,8
7365,8
7366,7
7367,7
7368,7
7369,0
7370,7
7371,8
7372,8
7373,8
7374,0
7375,7
7376,7
7377,8
7378,7
7379,8
7380,8
7381,7
7382,7
7383,8
7384,8
7385,8
7386,7
7387,8
7388,7
7389,7
7390,0
7391,8
7392,8
7393,7
7394,7
7395,8
7396,7
7397,8
7398,8
7399,7
7400,7
7401,8
7402,7
7403,8
7404,7
7405,0
7406,7
7407,7
7408,8
7409,7
7410,7
7411,8
7412,7
7413,8
7414,7
7415,7
7416,8
7417,8
7418,7
7419,8
7420,7
7421,7
7422,7
7423,0
7424,8
7425,8
7426,7
7427,8
7428,8
7429,8
7430,8
7431,7
7432,8
7433,7
7434,7
7435,7
7436,8
7437,8
7438,8
7439,7
7440,8
7441,0
7442,8
7443,8
7444,8
7445,7
7446,8
7447,7
7448,7
7449,0
7450,8
7451,8
7452,8
7453,8
7454,8
7455,7
7456,8
7457,7
7458,7
7459,8
7460,7
7461,8
7462,8
7463,8
7464,7
7465,2
7466,2
7467,2
7468,39
7469,3
7470,32
7471,38
7472,10
7473,3
7474,0
7475,4
7476,4
7477,6
7478,4
7479,6
7480,6
7481,4
7482,6
7483,6
7484,0
7485,6
7486,6
7487,4
7488,6
7489,0
7490,4
7491,4
7492,2
7493,2
7494,2
7495,2
7496,2
7497,2
7498,2
7499,2
7500,2
7501,2
7502,2
7503,2
7504,2
7505,2
7506,2
7507,2
7508,2
7509,2
7510,2
7511,2
7512,2
7513,2
7514,2
7515,0
7516,2
7517,2
7518,2
7519,0
7520,2
7521,2
7522,2
7523,7
7524,8
7525,8
7526,2
7527,2
7528,2
7529,2
7530,2
7531,2
7532,2
7533,2
7534,2
7535,2
7536,2
7537,2
7538,2
7539,2
7540,2
7541,2
7542,2
7543,2
7544,2
7545,2
7546,2
7547,2
7548,2
7549,2
7550,2
7551,0
7552,2
7553,2
7554,2
7555,2
7556,2
7557,2
7558,2
7559,2
7560,2
7561,2
7562,2
7563,0
7564,2
7565,24
7566,21
7567,21
7568,24
7569,24
7570,21
7571,21
7572,21
7573,21
7574,21
7575,21
7576,24
7577,21
7578,21
7579,24
7580,24
7581,24
7582,21
7583,11
7584,12
7585,11
7586,0
7587,12
7588,12
7589,11
7590,21
7591,24
7592,24
7593,21
7594,24
7595,21
7596,21
7597,21
7598,24
7599,24
7600,21
7601,24
7602,21
7603,24
7604,21
7605,14
7606,14
7607,14
7608,14
7609,14
7610,14
7611,12
7612,11
7613,0
7614,11
7615,11
7616,12
7617,11
7618,12
7619,0
7620,11
7621,11
7622,12
7623,12
7624,11
7625,11
7626,11
7627,11
7628,12
7629,12
7630,12
7631,12
7632,11
7633,11
7634,11
7635,11
7636,11
7637,12
7638,11
7639,12
7640,11
7641,11
7642,12
7643,11
7644,12
7645,11
7646,12
7647,0
7648,12
7649,11
7650,12
7651,12
7652,0
7653,12
7654,11
7655,11
7656,12
7657,12
7658,11
7659,12
7660,12
7661,12
7662,12
7663,14
7664,14
7665,14
7666,14
7667,14
7668,14
7669,14
7670,14
7671,14
7672,14
7673,14
7674,14
7675,14
7676,14
7677,14
7678,14
7679,14
7680,14
7681,15
7682,14
7683,14
7684,14
7685,14
7686,14
7687,15
7688,15
7689,50
7690,15
7691,27
7692,27
7693,15
7694,27
7695,15
7696,27
7697,27
7698,15
7699,15
7700,27
7701,14
7702,15
7703,27
7704,27
7705,15
7706,27
7707,15
7708,15
7709,15
7710,15
7711,15
7712,15
7713,14
7714,14
7715,14
7716,14
7717,14
7718,14
7719,14
7720,14
7721,0
7722,14
7723,14
7724,14
7725,14
7726,14
7727,14
7728,14
7729,14
7730,14
7731,14
7732,14
7733,14
7734,14
7735,11
7736,12
7737,12
7738,0
7739,11
7740,12
7741,11
7742,12
7743,12
7744,11
7745,12
7746,12
7747,12
7748,11
7749,11
7750,11
7751,11
7752,12
7753,0
7754,12
7755,12
7756,12
7757,12
7758,11
7759,11
7760,12
7761,12
7762,0
7763,11
7764,11
7765,11
7766,11
7767,11
7768,11
7769,11
7770,12
7771,11
7772,12
7773,12
7774,11
7775,11
7776,12
7777,11
7778,11
7779,12
7780,12
7781,0
7782,11
7783,0
7784,12
7785,12
7786,12
7787,11
7788,11
7789,15
7790,27
7791,27
7792,15
7793,14
7794,14
7795,7
7796,0
7797,7
7798,7
7799,7
7800,7
7801,7
7802,7
7803,0
7804,7
7805,7
7806,7
7807,0
7808,7
7809,7
7810,7
7811,7
7812,0
7813,7
7814,7
7815,7
7816,7
7817,7
7818,7
7819,7
7820,7
7821,7
7822,7
7823,7
7824,7
7825,7
7826,7
7827,7
7828,7
7829,0
7830,7
7831,7
7832,7
7833,7
7834,7
7835,7
7836,7
7837,0
7838,7
7839,7
7840,7
7841,0
7842,7
7843,7
7844,7
7845,7
7846,7
7847,0
7848,7
7849,7
7850,7
7851,0
7852,7
7853,7
7854,7
7855,7
7856,7
7857,7
7858,7
7859,7
7860,7
7861,7
7862,0
7863,7
7864,7
7865,0
7866,7
7867,1
7868,0
7869,1
7870,1
7871,1
7872,1
7873,1
7874,1
7875,1
7876,31
7877,31
7878,31
7879,31
7880,31
7881,31
7882,31
7883,31
7884,31
7885,31
7886,31
7887,31
7888,31
7889,31
7890,31
7891,31
7892,31
7893,31
7894,31
7895,31
7896,31
7897,31
7898,31
7899,31
7900,31
7901,31
7902,31
7903,31
7904,31
7905,31
7906,31
7907,31
7908,31
7909,1
7910,0
7911,1
7912,1
7913,1
7914,1
7915,1
7916,1
7917,1
7918,1
7919,1
7920,1
7921,1
7922,1
7923,1
7924,1
7925,1
7926,1
7927,1
7928,1
7929,1
7930,0
7931,31
7932,31
7933,31
7934,31
7935,31
7936,31
7937,31
7938,31
7939,31
7940,31
7941,31
7942,31
7943,31
7944,31
7945,31
7946,31
7947,31
7948,31
7949,31
7950,31
7951,31
7952,31
7953,31
7954,31
7955,31
7956,31
7957,31
7958,31
7959,31
7960,3
7961,10
7962,36
7963,34
7964,10
7965,3
7966,10
7967,3
7968,3
7969,10
7970,3
7971,20
7972,7
7973,7
7974,0
7975,0
7976,20
7977,0
7978,7
7979,20
7980,7
7981,21
7982,20
7983,20
7984,21
7985,0
7986,7
7987,20
7988,7
7989,0
7990,20
7991,20
7992,20
7993,7
7994,7
7995,0
7996,20
7997,21
7998,21
7999,0
8000,7
8001,7
8002,21
8003,7
8004,20
8005,20
8006,20
8007,20
8008,20
8009,20
8010,7
8011,0
8012,20
8013,21
8014,22
8015,23
8016,14
8017,22
8018,51
8019,21
8020,14
8021,22
8022,22
8023,23
8024,23
8025,23
8026,23
8027,22
8028,51
8029,22
8030,22
8031,23
8032,23
8033,22
8034,12
8035,12
8036,0
8037,12
8038,12
8039,12
8040,12
8041,0
8042,12
8043,0
8044,12
8045,12
8046,22
8047,22
8048,22
8049,22
8050,22
8051,11
8052,12
8053,12
8054,11
8055,12
8056,12
8057,11
8058,11
8059,11
8060,11
8061,31
8062,31
8063,36
8064,35
8065,36
8066,36
8067,10
8068,0
8069,10
8070,12
8071,0
8072,11
8073,11
8074,11
8075,11
8076,12
8077,0
8078,12
8079,12
8080,11
8081,12
8082,12
8083,11
8084,12
8085,12
8086,0
8087,11
8088,12
8089,12
8090,12
8091,12
8092,11
8093,11
8094,11
8095,11
8096,12
8097,11
8098,12
8099,12
8100,12
8101,12
8102,2
8103,2
8104,2
8105,2
8106,7
8107,7
8108,8
8109,7
8110,7
8111,7
8112,0
8113,8
8114,8
8115,8
8116,8
8117,8
8118,7
8119,0
8120,8
8121,8
8122,4
8123,4
8124,4
8125,4
8126,0
8127,0
8128,4
8129,0
8130,0
8131,0
8132,11
8133,11
8134,8
8135,8
8136,0
8137,11
8138,12
8139,0
8140,7
8141,32
8142,3
8143,0
8144,10
8145,36
8146,37
8147,10
8148,36
8149,10
8150,38
8151,32
8152,10
8153,32
8154,35
8155,36
8156,36
8157,44
8158,10
8159,3
8160,3
8161,3
8162,10
8163,10
8164,3
8165,0
8166,35
8167,34
8168,10
8169,3
8170,36
8171,36
8172,3
8173,36
8174,2
8175,2
8176,0
8177,3
8178,10
8179,38
8180,32
8181,34
8182,32
8183,3
8184,33
8185,40
8186,31
8187,31
8188,31
8189,31
8190,31
8191,31
8192,31
8193,31
8194,0
8195,2
8196,2
8197,2
8198,2
8199,2
8200,0
8201,2
8202,2
8203,2
8204,2
8205,2
8206,2
8207,2
8208,2
8209,2
8210,14
8211,14
8212,14
8213,14
8214,14
8215,14
8216,14
8217,14
8218,14
8219,14
8220,14
8221,14
8222,14
8223,14
8224,14
8225,14
8226,14
8227,14
8228,14
8229,14
8230,14
8231,14
8232,14
8233,14
8234,14
8235,14
8236,11
8237,12
8238,0
8239,11
8240,12
8241,12
8242,11
8243,12
8244,11
8245,11
8246,0
8247,12
8248,11
8249,12
8250,11
8251,12
8252,12
8253,11
8254,0
8255,12
8256,12
8257,0
8258,12
8259,14
8260,14
8261,14
8262,14
8263,14
8264,14
8265,14
8266,14
8267,14
8268,14
8269,14
8270,14
8271,14
8272,0
8273,14
8274,14
8275,14
8276,14
8277,14
8278,14
8279,0
8280,14
8281,14
8282,15
8283,14
8284,0
8285,3
8286,0
8287,34
8288,10
8289,33
8290,35
8291,32
8292,32
8293,3
8294,10
8295,37
8296,3
8297,32
8298,36
8299,3
8300,0
8301,35
8302,33
8303,35
8304,10
8305,32
8306,3
8307,10
8308,35
8309,32
8310,10
8311,32
8312,37
8313,37
8314,3
8315,36
8316,38
8317,10
8318,32
8319,3
8320,34
8321,3
8322,0
8323,13
8324,0
8325,0
8326,0
8327,13
8328,5
8329,5
8330,5
8331,5
8332,5
8333,5
8334,29
8335,29
8336,29
8337,29
8338,29
8339,19
8340,19
8341,19
8342,19
8343,0
8344,0
8345,0
8346,0
8347,0
8348,0
8349,0
8350,0
8351,7
8352,7
8353,7
8354,7
8355,7
8356,7
8357,7
8358,7
8359,0
8360,7
8361,7
8362,7
8363,7
8364,7
8365,7
8366,7
8367,7
8368,7
8369,7
8370,5
8371,5
8372,5
8373,5
8374,0
8375,0
8376,0
8377,0
8378,0
8379,0
8380,0
8381,0
8382,0
8383,0
8384,0
8385,0
8386,0
8387,0
8388,7
8389,14
8390,14
8391,14
8392,14
8393,19
8394,19
8395,19
8396,19
8397,19
8398,19
8399,19
8400,19
8401,19
8402,19
8403,19
8404,19
8405,19
8406,19
8407,19
8408,19
8409,19
8410,19
8411,19
8412,19
8413,19
8414,0
8415,13
8416,0
8417,0
8418,0
8419,0
8420,0
8421,13
8422,0
8423,0
8424,13
8425,0
8426,0
8427,0
8428,0
8429,0
8430,0
8431,0
8432,0
8433,13
8434,0
8435,0
8436,13
8437,27
8438,27
8439,15
8440,27
8441,15
8442,15
8443,27
8444,0
8445,13
8446,13
8447,0
8448,0
8449,16
8450,16
8451,16
8452,16
8453,24
8454,24
8455,24
8456,24
8457,4
8458,24
8459,24
8460,24
8461,24
8462,16
8463,16
8464,16
8465,16
8466,0
8467,16
8468,16
8469,16
8470,16
8471,16
8472,16
8473,16
8474,16
8475,16
8476,16
8477,16
8478,24
8479,24
8480,24
8481,24
8482,24
8483,24
8484,24
8485,16
8486,16
8487,16
8488,16
8489,16
8490,16
8491,16
8492,16
8493,16
8494,16
8495,16
8496,16
8497,16
8498,16
8499,16
8500,16
8501,16
8502,16
8503,0
8504,16
8505,16
8506,16
8507,16
8508,16
8509,16
8510,16
8511,16
8512,16
8513,16
8514,24
8515,4
8516,24
8517,24
8518,16
8519,16
8520,16
8521,16
8522,16
8523,16
8524,16
8525,16
8526,16
8527,16
8528,16
8529,16
8530,16
8531,16
8532,16
8533,16
8534,16
8535,16
8536,16
8537,16
8538,16
8539,16
8540,16
8541,16
8542,19
8543,19
8544,19
8545,19
8546,19
8547,19
8548,19
8549,19
8550,19
8551,19
8552,19
8553,19
8554,19
8555,19
8556,19
8557,19
8558,19
8559,19
8560,19
8561,19
8562,19
8563,19
8564,19
8565,19
8566,19
8567,19
8568,19
8569,19
8570,19
8571,19
8572,19
8573,19
8574,19
8575,19
8576,19
8577,19
8578,28
8579,28
8580,7
8581,0
8582,7
8583,7
8584,28
8585,17
8586,28
8587,0
8588,28
8589,28
8590,0
8591,28
8592,28
8593,28
8594,28
8595,28
8596,28
8597,28
8598,28
8599,28
8600,28
8601,0
8602,28
8603,28
8604,28
8605,28
8606,28
8607,28
8608,28
8609,0
8610,28
8611,28
8612,28
8613,0
8614,28
8615,28
8616,28
8617,28
8618,28
8619,28
8620,28
8621,28
8622,28
8623,28
8624,28
8625,0
8626,28
8627,28
8628,28
8629,28
8630,19
8631,19
8632,19
8633,19
8634,19
8635,19
8636,19
8637,19
8638,19
8639,19
8640,19
8641,29
8642,29
8643,29
8644,29
8645,29
8646,29
8647,29
8648,29
8649,29
8650,19
8651,19
8652,19
8653,19
8654,19
8655,19
8656,19
8657,19
8658,19
8659,19
8660,19
8661,19
8662,19
8663,19
8664,19
8665,19
8666,19
8667,19
8668,19
8669,19
8670,19
8671,19
8672,29
8673,29
8674,29
8675,29
8676,29
8677,29
8678,29
8679,29
8680,7
8681,7
8682,7
8683,0
8684,7
8685,7
8686,0
8687,0
8688,0
8689,0
8690,0
8691,0
8692,0
8693,0
8694,0
8695,0
8696,0
8697,0
8698,0
8699,0
8700,0
8701,0
8702,0
8703,0
8704,0
8705,0
8706,0
8707,0
8708,0
8709,0
8710,0
8711,0
8712,0
8713,0
8714,0
8715,0
8716,0
8717,0
8718,0
8719,0
8720,0
8721,0
8722,0
8723,0
8724,0
8725,0
8726,0
8727,0
8728,0
8729,0
8730,0
8731,0
8732,19
8733,19
8734,19
8735,19
8736,29
8737,29
8738,29
8739,29
8740,29
8741,29
8742,29
8743,19
8744,19
8745,19
8746,19
8747,19
8748,19
8749,0
8750,13
8751,13
8752,0
8753,0
8754,0
8755,0
8756,0
8757,0
8758,0
8759,0
8760,0
8761,0
8762,0
8763,0
8764,0
8765,13
8766,13
8767,0
8768,0
8769,0
8770,0
8771,13
8772,0
8773,0
8774,0
8775,0
8776,13
8777,13
8778,0
8779,0
8780,13
8781,13
8782,0
8783,0
8784,0
8785,0
8786,0
8787,0
8788,0
8789,0
8790,0
8791,13
8792,7
8793,7
8794,7
8795,7
8796,7
8797,7
8798,7
8799,7
8800,29
8801,29
8802,29
8803,29
8804,16
8805,16
8806,16
8807,16
8808,16
8809,16
8810,24
8811,24
8812,24
8813,24
8814,24
8815,24
8816,24
8817,24
8818,24
8819,21
8820,24
8821,4
8822,24
8823,16
8824,16
8825,16
8826,16
8827,16
8828,16
8829,16
8830,16
8831,16
8832,16
8833,16
8834,16
8835,16
8836,16
8837,16
8838,16
8839,24
8840,4
8841,24
8842,24
8843,24
8844,24
8845,21
8846,24
8847,24
8848,24
8849,16
8850,16
8851,0
8852,16
8853,16
8854,16
8855,16
8856,16
8857,16
8858,16
8859,16
8860,16
8861,0
8862,16
8863,16
8864,17
8865,18
8866,17
8867,17
8868,17
8869,0
8870,17
8871,17
8872,18
8873,17
8874,18
8875,18
8876,17
8877,17
8878,17
8879,17
8880,17
8881,17
8882,18
8883,0
8884,18
8885,18
8886,18
8887,18
8888,18
8889,0
8890,18
8891,17
8892,17
8893,18
8894,18
8895,18
8896,18
8897,18
8898,17
8899,17
8900,17
8901,18
8902,18
8903,17
8904,18
8905,18
8906,17
8907,17
8908,17
8909,18
8910,17
8911,17
8912,0
8913,18
8914,18
8915,18
8916,18
8917,18
8918,18
8919,17
8920,0
8921,17
8922,18
8923,18
8924,17
8925,18
8926,17
8927,18
8928,18
8929,18
8930,18
8931,18
8932,18
8933,17
8934,17
8935,18
8936,18
8937,18
8938,18
8939,17
8940,18
8941,17
8942,17
8943,18
8944,17
8945,17
8946,18
8947,17
8948,17
8949,18
8950,17
8951,0
8952,17
8953,17
8954,18
8955,18
8956,18
8957,18
8958,0
8959,18
8960,0
8961,18
8962,18
8963,18
8964,0
8965,18
8966,0
8967,18
8968,0
8969,18
8970,18
8971,18
8972,18
8973,0
8974,17
8975,17
8976,17
8977,18
8978,17
8979,17
8980,18
8981,17
8982,16
8983,18
8984,18
8985,18
8986,18
8987,18
8988,18
8989,18
8990,18
8991,17
8992,17
8993,17
8994,17
8995,17
8996,18
8997,18
8998,17
8999,17
9000,17
9001,17
9002,17
9003,17
9004,17
9005,17
9006,17
9007,17
9008,17
9009,18
9010,18
9011,18
9012,17
9013,17
9014,18
9015,18
9016,17
9017,17
9018,17
9019,18
9020,18
9021,18
9022,17
9023,17
9024,17
9025,17
9026,17
9027,17
9028,17
9029,17
9030,17
9031,17
9032,17
9033,17
9034,17
9035,17
9036,18
9037,18
9038,18
9039,18
9040,0
9041,18
9042,0
9043,18
9044,18
9045,18
9046,17
9047,17
9048,17
9049,17
9050,17
9051,18
9052,17
9053,17
9054,17
9055,17
9056,17
9057,18
9058,18
9059,17
9060,18
9061,17
9062,18
9063,17
9064,18
9065,18
9066,18
9067,0
9068,18
9069,41
9070,41
9071,0
9072,41
9073,41
9074,41
9075,0
9076,41
9077,41
9078,41
9079,41
9080,41
9081,41
9082,41
9083,41
9084,41
9085,41
9086,41
9087,0
9088,41
9089,41
9090,0
9091,41
9092,41
9093,41
9094,41
9095,0
9096,41
9097,41
9098,41
9099,41
9100,0
9101,41
9102,41
9103,41
9104,41
9105,41
9106,0
9107,41
9108,41
9109,41
9110,41
9111,41
9112,41
9113,41
9114,41
9115,0
9116,41
9117,0
9118,41
9119,41
9120,41
9121,41
9122,41
9123,0
9124,41
9125,41
9126,41
9127,41
9128,41
9129,41
9130,41
9131,41
9132,41
9133,41
9134,41
9135,41
9136,41
9137,41
9138,41
9139,41
9140,0
9141,41
9142,0
9143,41
9144,41
9145,41
9146,0
9147,41
9148,41
9149,41
9150,41
9151,41
9152,41
9153,41
9154,41
9155,41
9156,41
9157,41
9158,41
9159,41
9160,41
9161,41
9162,41
9163,41
9164,41
9165,41
9166,41
9167,41
9168,41
9169,41
9170,41
9171,41
9172,41
9173,41
9174,41
9175,41
9176,41
9177,41
9178,41
9179,41
9180,41
9181,41
9182,41
9183,41
9184,41
9185,41
9186,41
9187,41
9188,41
9189,41
9190,41
9191,41
9192,42
9193,42
9194,42
9195,42
9196,42
9197,42
9198,42
9199,42
9200,0
9201,42
9202,42
9203,42
9204,42
9205,42
9206,42
9207,42
9208,42
9209,42
9210,42
9211,42
9212,42
9213,42
9214,42
9215,42
9216,42
9217,42
9218,42
9219,42
9220,42
9221,42
9222,42
9223,42
9224,42
9225,42
9226,0
9227,0
9228,2
9229,0
9230,2
9231,2
9232,2
9233,2
9234,2
9235,2
9236,0
9237,2
9238,2
9239,2
9240,2
9241,2
9242,2
9243,2
9244,2
9245,2
9246,2
9247,2
9248,2
9249,2
9250,2
9251,2
9252,2
9253,0
9254,2
9255,2
9256,2
9257,2
9258,2
9259,2
9260,2
9261,2
9262,2
9263,2
9264,2
9265,2
9266,2
9267,0
9268,2
9269,2
9270,2
9271,2
9272,2
9273,2
9274,2
9275,2
9276,2
9277,2
9278,2
9279,2
9280,2
9281,2
9282,0
9283,2
9284,2
9285,2
9286,2
9287,2
9288,2
9289,0
9290,2
9291,2
9292,2
9293,2
9294,2
9295,0
9296,2
9297,2
9298,2
9299,2
9300,2
9301,35
9302,31
9303,31
9304,31
9305,31
9306,31
9307,31
9308,31
9309,31
9310,31
9311,31
9312,31
9313,31
9314,31
9315,31
9316,31
9317,31
9318,31
9319,31
9320,31
9321,31
9322,31
9323,35
9324,0
9325,10
9326,44
9327,32
9328,0
9329,34
9330,31
9331,31
9332,2
9333,2
9334,2
9335,0
9336,2
9337,2
9338,2
9339,2
9340,2
9341,2
9342,2
9343,2
9344,0
9345,0
9346,4
9347,0
9348,6
9349,4
9350,4
9351,6
9352,6
9353,6
9354,0
9355,4
9356,0
9357,6
9358,7
9359,0
9360,6
9361,4
9362,0
9363,6
9364,6
9365,6
9366,5
9367,5
9368,4
9369,6
9370,0
9371,16
9372,0
9373,5
9374,6
9375,6
9376,16
9377,6
9378,0
9379,0
9380,6
9381,4
9382,0
9383,0
9384,0
9385,6
9386,0
9387,5
9388,0
9389,4
9390,2
9391,2
9392,2
9393,2
9394,2
9395,2
9396,2
9397,2
9398,2
9399,2
9400,2
9401,2
9402,2
9403,2
9404,2
9405,2
9406,2
9407,2
9408,2
9409,2
9410,2
9411,2
9412,2
9413,2
9414,2
9415,4
9416,6
9417,4
9418,5
9419,4
9420,4
9421,6
9422,0
9423,0
9424,4
9425,6
9426,5
9427,0
9428,5
9429,52
9430,0
9431,2
9432,2
9433,2
9434,2
9435,2
9436,2
9437,2
9438,2
9439,2
9440,2
9441,2
9442,2
9443,2
9444,2
9445,2
9446,0
9447,2
9448,2
9449,0
9450,2
9451,2
9452,0
9453,2
9454,2
9455,2
9456,2
9457,2
9458,0
9459,2
9460,2
9461,2
9462,2
9463,2
9464,0
9465,2
9466,2
9467,2
9468,2
9469,2
9470,2
9471,2
9472,2
9473,2
9474,2
9475,2
9476,2
9477,2
9478,0
9479,6
9480,6
9481,6
9482,5
9483,0
9484,6
9485,6
9486,4
9487,53
9488,0
9489,1
9490,1
9491,1
9492,1
9493,1
9494,1
9495,1
9496,1
9497,1
9498,1
9499,1
9500,1
9501,1
9502,1
9503,1
9504,1
9505,1
9506,0
9507,0
9508,1
9509,0
9510,1
9511,1
9512,0
9513,1
9514,1
9515,1
9516,1
9517,7
9518,7
9519,7
9520,7
9521,7
9522,7
9523,7
9524,7
9525,0
9526,7
9527,7
9528,0
9529,7
9530,7
9531,7
9532,7
9533,7
9534,7
9535,7
9536,0
9537,7
9538,7
9539,7
9540,7
9541,7
9542,7
9543,7
9544,7
9545,7
9546,7
9547,7
9548,0
9549,7
9550,7
9551,7
9552,7
9553,7
9554,7
9555,7
9556,7
9557,7
9558,7
9559,7
9560,7
9561,7
9562,7
9563,7
9564,7
9565,0
9566,7
9567,0
9568,7
9569,7
9570,7
9571,7
9572,7
9573,7
9574,7
9575,7
9576,7
9577,7
9578,7
9579,7
9580,7
9581,7
9582,7
9583,7
9584,7
9585,7
9586,7
9587,7
9588,7
9589,7
9590,7
9591,0
9592,7
9593,7
9594,7
9595,7
9596,7
9597,7
9598,1
9599,1
9600,1
9601,0
9602,0
9603,1
9604,1
9605,1
9606,1
9607,1
9608,1
9609,1
9610,1
9611,1
9612,1
9613,1
9614,1
9615,1
9616,1
9617,1
9618,1
9619,1
9620,1
9621,1
9622,1
9623,1
9624,1
9625,1
9626,1
9627,0
9628,1
9629,0
9630,1
9631,1
9632,1
9633,1
9634,1
9635,0
9636,1
9637,1
9638,1
9639,1
9640,1
9641,1
9642,1
9643,1
9644,1
9645,1
9646,1
9647,1
9648,1
9649,1
9650,1
9651,1
9652,0
9653,1
9654,1
9655,1
9656,1
9657,1
9658,1
9659,1
9660,0
9661,1
9662,1
9663,1
9664,1
9665,1
9666,1
9667,1
9668,1
9669,1
9670,1
9671,1
9672,1
9673,1
9674,1
9675,1
9676,1
9677,0
9678,1
9679,1
9680,1
9681,1
9682,1
9683,1
9684,1
9685,1
9686,1
9687,1
9688,1
9689,1
9690,1
9691,1
9692,0
9693,1
9694,1
9695,0
9696,1
9697,1
9698,1
9699,1
9700,1
9701,1
9702,1
9703,1
9704,1
9705,1
9706,1
9707,1
9708,1
9709,1
9710,0
9711,2
9712,0
9713,2
9714,2
9715,2
9716,2
9717,2
9718,0
9719,2
9720,2
9721,2
9722,2
9723,2
9724,2
9725,0
9726,2
9727,2
9728,2
9729,2
9730,2
9731,2
9732,2
9733,7
9734,7
9735,7
9736,7
9737,0
9738,7
9739,0
9740,7
9741,7
9742,7
9743,7
9744,7
9745,7
9746,7
9747,7
9748,7
9749,0
9750,31
9751,31
9752,31
9753,31
9754,31
9755,31
9756,31
9757,31
9758,31
9759,31
9760,31
9761,31
9762,31
9763,31
9764,31
9765,31
9766,31
9767,31
9768,31
9769,31
9770,31
9771,31
9772,31
9773,31
9774,31
9775,31
9776,31
9777,31
9778,31
9779,31
9780,31
9781,31
9782,31
9783,31
9784,31
9785,39
9786,10
9787,34
9788,3
9789,3
9790,10
9791,32
9792,0
9793,10
9794,10
9795,36
9796,32
9797,0
9798,10
9799,0
9800,36
9801,10
9802,40
9803,35
9804,10
9805,10
9806,32
9807,3
9808,34
9809,3
9810,32
9811,34
9812,3
9813,3
9814,10
9815,36
9816,35
9817,3
9818,10
9819,32
9820,34
9821,0
9822,3
9823,3
9824,31
9825,31
9826,31
9827,31
9828,31
9829,31
9830,31
9831,31
9832,31
9833,31
9834,31
9835,31
9836,31
9837,31
9838,31
9839,31
9840,31
9841,31
9842,31
9843,31
9844,31
9845,31
9846,31
9847,31
9848,31
9849,31
9850,31
9851,31
9852,31
9853,10
9854,34
9855,3
9856,3
9857,37
9858,10
9859,36
9860,3
9861,32
9862,0
9863,32
9864,32
9865,10
9866,35
9867,3
9868,32
9869,36
9870,35
9871,3
9872,32
9873,32
9874,35
9875,34
9876,33
9877,3
9878,3
9879,3
9880,3
9881,31
9882,31
9883,31
9884,31
9885,31
9886,31
9887,31
9888,31
9889,11
9890,12
9891,12
9892,11
9893,11
9894,11
9895,12
9896,12
9897,11
9898,12
9899,11
9900,11
9901,11
9902,11
9903,12
9904,12
9905,12
9906,11
9907,12
9908,11
9909,0
9910,11
9911,12
9912,11
9913,12
9914,11
9915,11
9916,11
9917,12
9918,11
9919,11
9920,12
9921,12
9922,11
9923,11
9924,11
9925,11
9926,11
9927,11
9928,11
9929,0
9930,11
9931,12
9932,12
9933,11
9934,7
9935,8
9936,8
9937,7
9938,7
9939,7
9940,8
9941,8
9942,7
9943,8
9944,7
9945,8
9946,7
9947,8
9948,7
9949,7
9950,8
9951,8
9952,7
9953,7
9954,7
9955,8
9956,8
9957,7
9958,0
9959,8
9960,8
9961,7
9962,7
9963,8
9964,8
9965,7
9966,7
9967,7
9968,8
9969,8
9970,8
9971,7
9972,7
9973,7
9974,7
9975,7
9976,8
9977,8
9978,7
9979,8
9980,7
9981,7
9982,11
9983,12
9984,11
9985,12
9986,11
9987,11
9988,11
9989,11
9990,12
9991,11
9992,12
9993,12
9994,12
9995,12
9996,11
9997,11
9998,11
9999,12
10000,0
10001,11
10002,12
10003,12
10004,12
10005,11
10006,12
10007,11
10008,11
10009,0
10010,12
10011,11
10012,11
10013,11
10014,12
10015,12
10016,12
10017,12
10018,0
10019,11
10020,12
10021,12
10022,12
10023,0
10024,12
10025,11
10026,12
10027,11
10028,12
10029,11
10030,11
10031,11
10032,11
10033,12
10034,0
10035,12
10036,11
10037,11
10038,11
10039,11
10040,11
10041,12
10042,11
10043,12
10044,8
10045,8
10046,7
10047,8
10048,8
10049,7
10050,8
10051,8
10052,7
10053,7
10054,8
10055,7
10056,7
10057,7
10058,7
10059,2
10060,0
10061,2
10062,2
10063,2
10064,2
10065,2
10066,2
10067,2
10068,0
10069,2
10070,2
10071,8
10072,7
10073,8
10074,8
10075,8
10076,8
10077,7
10078,3
10079,3
10080,10
10081,38
10082,36
10083,10
10084,32
10085,0
10086,1
10087,1
10088,1
10089,1
10090,1
10091,1
10092,1
10093,1
10094,1
10095,1
10096,0
10097,1
10098,1
10099,1
10100,1
10101,1
10102,1
10103,1
10104,1
10105,1
10106,1
10107,1
10108,1
10109,1
10110,1
10111,1
10112,1
10113,1
10114,1
10115,1
10116,2
10117,2
10118,2
10119,2
10120,2
10121,2
10122,2
10123,0
10124,2
10125,2
10126,2
10127,2
10128,2
10129,2
10130,2
10131,2
10132,2
10133,2
10134,2
10135,2
10136,0
10137,1
10138,1
10139,1
10140,1
10141,1
10142,1
10143,0
10144,1
10145,1
10146,1
10147,1
10148,1
10149,1
10150,1
10151,1
10152,1
10153,1
10154,2
10155,2
10156,1
10157,1
10158,1
10159,1
10160,1
10161,1
10162,1
10163,1
10164,1
10165,1
10166,1
10167,1
10168,1
10169,1
10170,1
10171,1
10172,1
10173,1
10174,1
10175,1
10176,1
10177,1
10178,31
10179,31
10180,7
10181,7
10182,7
10183,7
10184,7
10185,7
10186,7
10187,0
10188,7
10189,7
10190,7
10191,7
10192,7
10193,31
10194,31
10195,31
10196,31
10197,31
10198,1
10199,1
10200,1
10201,1
10202,0
10203,1
10204,1
10205,1
10206,1
10207,1
10208,1
10209,1
10210,1
10211,1
10212,0
10213,1
10214,1
10215,1
10216,1
10217,1
10218,1
10219,1
10220,7
10221,7
10222,7
10223,0
10224,7
10225,7
10226,0
10227,7
10228,7
10229,7
10230,7
10231,7
10232,21
10233,21
10234,20
10235,21
10236,20
10237,20
10238,0
10239,7
10240,21
10241,20
10242,21
10243,7
10244,7
10245,0
10246,0
10247,7
10248,20
10249,20
10250,20
10251,7
10252,7
10253,7
10254,20
10255,20
10256,7
10257,0
10258,0
10259,0
10260,0
10261,14
10262,14
10263,14
10264,14
10265,14
10266,0
10267,14
10268,14
10269,14
10270,15
10271,15
10272,27
10273,15
10274,27
10275,15
10276,27
10277,27
10278,27
10279,15
10280,14
10281,14
10282,15
10283,15
10284,27
10285,27
10286,27
10287,13
10288,0
10289,0
10290,0
10291,0
10292,0
10293,14
10294,4
10295,6
10296,0
10297,4
10298,4
10299,4
10300,6
10301,6
10302,0
10303,0
10304,0
10305,7
10306,7
10307,7
10308,7
10309,7
10310,7
10311,7
10312,0
10313,7
10314,8
10315,7
10316,0
10317,7
10318,8
10319,7
10320,7
10321,0
10322,7
10323,7
10324,0
10325,7
10326,7
10327,8
10328,7
10329,0
10330,7
10331,7
10332,7
10333,8
10334,8
10335,8
10336,7
10337,8
10338,8
10339,7
10340,7
10341,8
10342,7
10343,8
10344,8
10345,7
10346,7
10347,8
10348,8
10349,8
10350,8
10351,0
10352,7
10353,8
10354,8
10355,7
10356,8
10357,7
10358,8
10359,7
10360,7
10361,7
10362,8
10363,8
10364,8
10365,8
10366,7
10367,7
10368,8
10369,8
10370,7
10371,7
10372,8
10373,14
10374,14
10375,14
10376,14
10377,11
10378,11
10379,11
10380,12
10381,12
10382,12
10383,11
10384,14
10385,14
10386,14
10387,14
10388,14
10389,14
10390,14
10391,14
10392,14
10393,14
10394,14
10395,14
10396,14
10397,14
10398,14
10399,14
10400,14
10401,14
10402,14
10403,27
10404,27
10405,15
10406,15
10407,15
10408,27
10409,12
10410,12
10411,11
10412,11
10413,11
10414,0
10415,12
10416,11
10417,11
10418,0
10419,11
10420,12
10421,11
10422,11
10423,12
10424,12
10425,11
10426,11
10427,11
10428,11
10429,12
10430,11
10431,0
10432,0
10433,0
10434,0
10435,0
10436,0
10437,13
10438,0
10439,0
10440,0
10441,13
10442,0
10443,13
10444,0
10445,0
10446,0
10447,0
10448,0
10449,0
10450,0
10451,0
10452,0
10453,0
10454,13
10455,0
10456,13
10457,0
10458,0
10459,13
10460,13
10461,0
10462,0
10463,0
10464,0
10465,0
10466,0
10467,0
10468,13
10469,0
10470,0
10471,15
10472,37
10473,3
10474,36
10475,0
10476,32
10477,10
10478,10
10479,32
10480,3
10481,32
10482,10
10483,3
10484,0
10485,35
10486,35
10487,10
10488,34
10489,3
10490,3
10491,32
10492,10
10493,37
10494,36
10495,35
10496,35
10497,3
10498,36
10499,3
10500,0
10501,3
10502,33
10503,3
10504,10
10505,10
10506,10
10507,10
10508,31
10509,31
10510,31
10511,31
10512,31
10513,31
10514,10
10515,3
10516,10
10517,0
10518,3
10519,0
10520,0
10521,27
10522,15
10523,27
10524,27
10525,27
10526,15
10527,0
10528,13
10529,0
10530,0
10531,0
10532,0
10533,13
10534,0
10535,0
10536,0
10537,0
10538,0
10539,0
10540,0
10541,12
10542,0
10543,12
10544,12
10545,12
10546,12
10547,12
10548,12
10549,12
10550,12
10551,16
10552,16
10553,16
10554,16
10555,16
10556,16
10557,16
10558,16
10559,16
10560,16
10561,16
10562,16
10563,16
10564,16
10565,16
10566,16
10567,16
10568,16
10569,16
10570,16
10571,16
10572,16
10573,16
10574,16
10575,16
10576,16
10577,16
10578,0
10579,16
10580,16
10581,16
10582,0
10583,14
10584,14
10585,14
10586,14
10587,14
10588,13
10589,13
10590,0
10591,11
10592,11
10593,0
10594,13
10595,0
10596,0
10597,13
10598,13
10599,0
10600,0
10601,0
10602,0
10603,13
10604,13
10605,0
10606,16
10607,0
10608,16
10609,16
10610,16
10611,16
10612,16
10613,16
10614,16
10615,16
10616,16
10617,16
10618,16
10619,16
10620,16
10621,16
10622,16
10623,16
10624,16
10625,16
10626,16
10627,16
10628,16
10629,16
10630,0
10631,0
10632,54
10633,24
10634,24
10635,24
10636,24
10637,4
10638,24
10639,4
10640,0
10641,24
10642,24
10643,24
10644,24
10645,24
10646,24
10647,18
10648,16
10649,16
10650,16
10651,16
10652,16
10653,16
10654,16
10655,16
10656,16
10657,16
10658,16
10659,16
10660,16
10661,16
10662,16
10663,16
10664,16
10665,16
10666,16
10667,16
10668,16
10669,16
10670,16
10671,16
10672,16
10673,24
10674,16
10675,16
10676,16
10677,16
10678,24
10679,24
10680,24
10681,24
10682,4
10683,16
10684,0
10685,16
10686,16
10687,16
10688,16
10689,0
10690,16
10691,16
10692,16
10693,16
10694,16
10695,16
10696,16
10697,16
10698,16
10699,16
10700,16
10701,16
10702,16
10703,14
10704,14
10705,14
10706,14
10707,14
10708,15
10709,14
10710,14
10711,14
10712,14
10713,14
10714,14
10715,14
10716,14
10717,14
10718,14
10719,14
10720,14
10721,14
10722,14
10723,14
10724,14
10725,14
10726,11
10727,12
10728,11
10729,11
10730,12
10731,12
10732,11
10733,11
10734,11
10735,14
10736,14
10737,14
10738,14
10739,14
10740,14
10741,14
10742,14
10743,14
10744,14
10745,20
10746,20
10747,20
10748,20
10749,20
10750,7
10751,20
10752,7
10753,7
10754,7
10755,0
10756,21
10757,20
10758,20
10759,7
10760,7
10761,22
10762,22
10763,22
10764,22
10765,22
10766,23
10767,22
10768,31
10769,22
10770,22
10771,51
10772,22
10773,42
10774,22
10775,31
10776,23
10777,23
10778,20
10779,7
10780,21
10781,7
10782,14
10783,14
10784,14
10785,14
10786,14
10787,14
10788,14
10789,14
10790,14
10791,14
10792,14
10793,14
10794,22
10795,23
10796,22
10797,23
10798,22
10799,6
10800,22
10801,41
10802,22
10803,22
10804,23
10805,22
10806,22
10807,23
10808,22
10809,17
10810,21
10811,21
10812,21
10813,21
10814,21
10815,24
10816,21
10817,21
10818,21
10819,21
10820,21
10821,21
10822,21
10823,24
10824,21
10825,24
10826,24
10827,21
10828,24
10829,21
10830,21
10831,24
10832,24
10833,21
10834,24
10835,24
10836,21
10837,11
10838,11
10839,11
10840,11
10841,12
10842,14
10843,14
10844,14
10845,14
10846,14
10847,14
10848,14
10849,28
10850,28
10851,28
10852,0
10853,28
10854,28
10855,28
10856,28
10857,28
10858,28
10859,28
10860,28
10861,28
10862,28
10863,28
10864,28
10865,28
10866,28
10867,28
10868,29
10869,29
10870,29
10871,29
10872,29
10873,29
10874,29
10875,0
10876,0
10877,0
10878,0
10879,0
10880,0
10881,0
10882,0
10883,0
10884,0
10885,0
10886,0
10887,0
10888,0
10889,0
10890,0
10891,0
10892,0
10893,0
10894,0
10895,0
10896,0
10897,0
10898,0
10899,0
10900,0
10901,0
10902,0
10903,0
10904,0
10905,0
10906,0
10907,0
10908,0
10909,0
10910,0
10911,0
10912,0
10913,0
10914,7
10915,7
10916,7
10917,7
10918,7
10919,7
10920,7
10921,7
10922,5
10923,19
10924,19
10925,19
10926,19
10927,19
10928,19
10929,19
10930,19
10931,19
10932,19
10933,19
10934,19
10935,19
10936,19
10937,19
10938,19
10939,19
10940,19
10941,19
10942,19
10943,19
10944,19
10945,29
10946,29
10947,29
10948,29
10949,29
10950,29
10951,29
10952,29
10953,29
10954,29
10955,29
10956,19
10957,19
10958,19
10959,19
10960,19
10961,19
10962,19
10963,19
10964,19
10965,19
10966,19
10967,19
10968,19
10969,19
10970,19
10971,19
10972,19
10973,19
10974,19
10975,19
10976,19
10977,19
10978,19
10979,19
10980,19
10981,19
10982,19
10983,19
10984,19
10985,19
10986,19
10987,19
10988,19
10989,19
10990,19
10991,29
10992,29
10993,29
10994,29
10995,29
10996,29
10997,29
10998,29
10999,29
11000,29
11001,29
11002,29
11003,29
11004,29
11005,29
11006,29
11007,29
11008,7
11009,19
11010,19
11011,19
11012,19
11013,19
11014,7
11015,7
11016,7
11017,0
11018,28
11019,28
11020,28
11021,28
11022,28
11023,28
11024,28
11025,5
11026,5
11027,5
11028,5
11029,5
11030,5
11031,5
11032,5
11033,5
11034,5
11035,7
11036,0
11037,7
11038,0
11039,7
11040,7
11041,19
11042,19
11043,19
11044,19
11045,19
11046,19
11047,19
11048,19
11049,19
11050,19
11051,19
11052,19
11053,19
11054,4
11055,24
11056,0
11057,47
11058,24
11059,24
11060,24
11061,24
11062,6
11063,24
11064,24
11065,19
11066,19
11067,19
11068,19
11069,24
11070,24
11071,24
11072,24
11073,19
11074,19
11075,19
11076,19
11077,19
11078,29
11079,0
11080,29
11081,29
11082,19
11083,19
11084,19
11085,19
11086,19
11087,19
11088,19
11089,19
11090,19
11091,19
11092,19
11093,19
11094,19
11095,19
11096,19
11097,19
11098,19
11099,19
11100,19
11101,19
11102,19
11103,19
11104,7
11105,7
11106,7
11107,7
11108,7
11109,7
11110,7
11111,7
11112,7
11113,7
11114,0
11115,7
11116,7
11117,7
11118,7
11119,7
11120,7
11121,7
11122,7
11123,7
11124,7
11125,7
11126,28
11127,28
11128,28
11129,28
11130,0
11131,0
11132,0
11133,0
11134,0
11135,0
11136,0
11137,0
11138,0
11139,0
11140,0
11141,0
11142,0
11143,0
11144,0
11145,0
11146,0
11147,29
11148,29
11149,29
11150,29
11151,18
11152,0
11153,18
11154,17
11155,0
11156,17
11157,17
11158,17
11159,17
11160,17
11161,18
11162,18
11163,17
11164,0
11165,17
11166,17
11167,17
11168,17
11169,17
11170,18
11171,17
11172,17
11173,18
11174,18
11175,18
11176,18
11177,18
11178,17
11179,17
11180,17
11181,17
11182,17
11183,17
11184,17
11185,0
11186,17
11187,0
11188,17
11189,17
11190,17
11191,17
11192,16
11193,41
11194,0
11195,41
11196,41
11197,0
11198,41
11199,41
11200,41
11201,41
11202,41
11203,41
11204,41
11205,41
11206,41
11207,41
11208,0
11209,41
11210,41
11211,41
11212,41
11213,41
11214,41
11215,41
11216,41
11217,41
11218,41
11219,41
11220,41
11221,0
11222,41
11223,41
11224,41
11225,0
11226,41
11227,41
11228,0
11229,17
11230,17
11231,17
11232,41
11233,41
11234,41
11235,41
11236,0
11237,41
11238,41
11239,41
11240,41
11241,41
11242,41
11243,41
11244,41
11245,41
11246,41
11247,41
11248,41
11249,41
11250,41
11251,0
11252,41
11253,41
11254,41
11255,41
11256,0
11257,41
11258,41
11259,41
11260,41
11261,41
11262,41
11263,41
11264,41
11265,0
11266,41
11267,41
11268,41
11269,41
11270,41
11271,41
11272,41
11273,41
11274,18
11275,18
11276,18
11277,18
11278,18
11279,18
11280,18
11281,18
11282,18
11283,18
11284,18
11285,18
11286,17
11287,0
11288,17
11289,17
11290,17
11291,0
11292,18
11293,18
11294,18
11295,18
11296,18
11297,17
11298,17
11299,18
11300,18
11301,18
11302,18
11303,41
11304,41
11305,41
11306,41
11307,41
11308,41
11309,41
11310,41
11311,41
11312,41
11313,41
11314,18
11315,18
11316,18
11317,18
11318,17
11319,17
11320,17
11321,17
11322,17
11323,17
11324,18
11325,18
11326,18
11327,0
11328,18
11329,18
11330,18
11331,18
11332,18
11333,18
11334,18
11335,18
11336,18
11337,18
11338,18
11339,18
11340,18
11341,18
11342,18
11343,18
11344,17
11345,18
11346,17
11347,17
11348,18
11349,18
11350,17
11351,17
11352,17
11353,17
11354,18
11355,0
11356,18
11357,18
11358,18
11359,18
11360,18
11361,18
11362,17
11363,18
11364,18
11365,18
11366,18
11367,18
11368,17
11369,18
11370,0
11371,0
11372,18
11373,17
11374,17
11375,17
11376,17
11377,18
11378,18
11379,0
11380,17
11381,17
11382,17
11383,17
11384,18
11385,17
11386,0
11387,0
11388,18
11389,18
11390,18
11391,18
11392,18
11393,0
11394,17
11395,17
11396,17
11397,17
11398,18
11399,0
11400,18
11401,17
11402,18
11403,18
11404,18
11405,17
11406,18
11407,17
11408,17
11409,18
11410,18
11411,17
11412,18
11413,17
11414,18
11415,17
11416,17
11417,17
11418,17
11419,18
11420,18
11421,18
11422,17
11423,18
11424,18
11425,0
11426,18
11427,18
11428,17
11429,17
11430,17
11431,0
11432,17
11433,17
11434,17
11435,17
11436,41
11437,41
11438,0
11439,41
11440,41
11441,41
11442,41
11443,41
11444,41
11445,41
11446,41
11447,0
11448,41
11449,41
11450,41
11451,41
11452,0
11453,41
11454,41
11455,41
11456,42
11457,42
11458,42
11459,42
11460,42
11461,42
11462,42
11463,42
11464,42
11465,42
11466,42
11467,42
11468,42
11469,42
11470,42
11471,42
11472,42
11473,42
11474,42
11475,42
11476,42
11477,42
11478,42
11479,42
11480,42
11481,42
11482,42
11483,42
11484,42
11485,0
